,Season,Date,Location,Opponent,OpponentRank,Result,IlliniScore,OpponentScore,Note
0,2020,10/23/2020,@,Wisconsin,14.0,L,7.0,45.0,
1,2020,10/31/2020,vs.,Purdue,,L,24.0,31.0,
2,2020,11/7/2020,vs.,Minnesota,,L,14.0,41.0,
3,2020,11/14/2020,@,Rutgers,,W,23.0,20.0,
4,2020,11/21/2020,@,Nebraska,,W,41.0,23.0,
5,2020,11/28/2020,vs.,Ohio State,3.0,,,,Canceled (COVID-19)
6,2020,12/5/2020,vs.,Iowa,24.0,L,21.0,35.0,Homecoming
7,2020,12/12/2020,@,Northwestern,15.0,L,10.0,28.0,
8,2020,12/19/2020,@,Penn State,,L,21.0,56.0,
9,2019,8/31/2019,vs.,Akron,,W,42.0,3.0,
10,2019,9/7/2019,@,UConn,,W,31.0,23.0,
11,2019,9/14/2019,vs.,Eastern Michigan,,L,31.0,34.0,
12,2019,9/21/2019,vs.,Nebraska,,L,38.0,42.0,
13,2019,10/5/2019,@,Minnesota,,L,17.0,40.0,
14,2019,10/12/2019,vs.,Michigan,,L,25.0,42.0,
15,2019,10/19/2019,vs.,Wisconsin,,W,24.0,23.0,Homecoming
16,2019,10/26/2019,@,Purdue,,W,24.0,6.0,
17,2019,11/2/2019,vs.,Rutgers,,W,38.0,10.0,
18,2019,11/9/2019,@,Michigan State,,W,37.0,34.0,
19,2019,11/23/2019,@,Iowa,,L,10.0,19.0,
20,2019,11/30/2019,vs.,Northwestern,,L,10.0,29.0,
21,2019,12/30/2019,"Santa Clara, CA",California,,L,20.0,35.0,Red Box Bowl
22,2018,9/1/2018,vs.,Kent State,,W,31.0,24.0,
23,2018,9/8/2018,vs.,Western Illinois,,W,34.0,14.0,
24,2018,9/15/2018,"Chicago, IL",South Florida,,L,19.0,25.0,
25,2018,9/21/2018,vs.,Penn State,,L,24.0,63.0,
26,2018,10/6/2018,@,Rutgers,,W,38.0,17.0,
27,2018,10/13/2018,vs.,Purdue,,L,7.0,46.0,Homecoming
28,2018,10/20/2018,@,Wisconsin,,L,20.0,49.0,
29,2018,10/27/2018,@,Maryland,,L,33.0,63.0,
30,2018,11/3/2018,vs.,Minnesota,,W,55.0,31.0,
31,2018,11/10/2018,@,Nebraska,,L,35.0,54.0,
32,2018,11/17/2018,vs.,Iowa,,L,0.0,63.0,
33,2018,11/24/2018,@,Northwestern,,L,16.0,24.0,
34,2017,9/2/2017,vs.,Ball State,,W,24.0,21.0,
35,2017,9/9/2017,vs.,Western Kentucky,,W,20.0,7.0,
36,2017,9/15/2017,@,South Florida,,L,23.0,47.0,
37,2017,9/29/2017,vs.,Nebraska,,L,6.0,28.0,
38,2017,10/7/2017,@,Iowa,,L,16.0,45.0,
39,2017,10/14/2017,vs.,Rutgers,,L,24.0,35.0,
40,2017,10/21/2017,@,Minnesota,,L,17.0,24.0,
41,2017,10/28/2017,vs.,Wisconsin,,L,10.0,24.0,Homecoming
42,2017,11/4/2017,@,Purdue,,L,10.0,29.0,
43,2017,11/11/2017,vs.,Indiana,,L,14.0,24.0,
44,2017,11/18/2017,@,Ohio State,,L,14.0,52.0,
45,2017,11/25/2017,vs.,Northwestern,,L,7.0,42.0,
46,2016,9/3/2016,vs.,Murray State,,W,52.0,3.0,
47,2016,9/10/2016,vs.,North Carolina,,L,23.0,48.0,
48,2016,9/17/2016,vs.,Western Michigan,,L,10.0,34.0,
49,2016,10/1/2016,@,Nebraska,,L,16.0,31.0,
50,2016,10/8/2016,vs.,Purdue,,L,31.0,34.0,
51,2016,10/15/2016,@,Rutgers,,W,24.0,7.0,
52,2016,10/22/2016,@,Michigan,,L,8.0,41.0,
53,2016,10/29/2016,vs.,Minnesota,,L,17.0,40.0,Homecoming
54,2016,11/5/2016,vs.,Michigan State,,W,31.0,27.0,
55,2016,11/12/2016,@,Wisconsin,,L,3.0,48.0,
56,2016,11/19/2016,vs.,Iowa,,L,0.0,28.0,
57,2016,11/26/2016,@,Northwestern,,L,21.0,42.0,
58,2015,9/5/2015,vs.,Kent State,,W,52.0,3.0,
59,2015,9/12/2015,vs.,Western Illinois,,W,44.0,0.0,
60,2015,9/19/2015,@,North Carolina,,L,14.0,48.0,
61,2015,9/26/2015,vs.,Middle Tennessee State,,W,27.0,25.0,
62,2015,10/3/2015,vs.,Nebraska,,W,14.0,13.0,
63,2015,10/10/2015,@,Iowa,,L,20.0,29.0,
64,2015,10/24/2015,vs.,Wisconsin,,L,13.0,24.0,Homecoming
65,2015,10/31/2015,@,Penn State,,L,0.0,39.0,
66,2015,11/7/2015,@,Purdue,,W,48.0,14.0,
67,2015,11/14/2015,vs.,Ohio State,,L,3.0,28.0,
68,2015,11/21/2015,@,Minnesota,,L,23.0,32.0,
69,2015,11/28/2015,"Chicago, IL",Northwestern,,L,14.0,24.0,
70,2014,8/30/2014,vs.,Youngstown State,,W,28.0,17.0,
71,2014,9/6/2014,vs.,Western Kentucky,,W,42.0,34.0,
72,2014,9/13/2014,@,Washington,,L,19.0,44.0,
73,2014,9/20/2014,vs.,Texas State,,W,42.0,35.0,
74,2014,9/27/2014,@,Nebraska,,L,14.0,45.0,
75,2014,10/4/2014,vs.,Purdue,,L,27.0,38.0,
76,2014,10/11/2014,@,Wisconsin,,L,28.0,38.0,
77,2014,10/25/2014,vs.,Minnesota,,W,28.0,24.0,Homecoming
78,2014,11/1/2014,@,Ohio State,,L,14.0,55.0,
79,2014,11/15/2014,vs.,Iowa,,L,14.0,30.0,
80,2014,11/22/2014,vs.,Penn State,,W,16.0,14.0,
81,2014,11/29/2014,@,Northwestern,,W,47.0,33.0,
82,2014,12/26/2014,"Dallas, TX",Louisiana Tech,,L,18.0,35.0,Heart of Dallas Bowl
83,2013,8/31/2013,vs.,Southern Illinois,,W,42.0,34.0,
84,2013,9/7/2013,vs.,Cincinnati,,W,45.0,17.0,
85,2013,9/14/2013,"Chicago, IL",Washington,,L,24.0,34.0,
86,2013,9/28/2013,vs.,Miami,,W,50.0,14.0,
87,2013,10/5/2013,@,Nebraska,,L,19.0,39.0,
88,2013,10/19/2013,vs.,Wisconsin,,L,32.0,56.0,
89,2013,10/26/2013,vs.,Michigan State,,L,3.0,42.0,Homecoming
90,2013,11/2/2013,@,Penn State,,L,17.0,24.0,
91,2013,11/9/2013,@,Indiana,,L,35.0,52.0,
92,2013,11/16/2013,vs.,Ohio State,,L,35.0,60.0,
93,2013,11/23/2013,@,Purdue,,W,20.0,16.0,
94,2013,11/30/2013,vs.,Northwestern,,L,34.0,37.0,
95,2012,9/1/2012,vs.,Western Michigan,,W,24.0,7.0,
96,2012,9/8/2012,@,Arizona State,,L,14.0,45.0,
97,2012,9/15/2012,vs.,Charleston Southern,,W,44.0,0.0,
98,2012,9/22/2012,vs.,Louisiana Tech,,L,24.0,52.0,
99,2012,9/29/2012,vs.,Penn State,,L,7.0,35.0,
100,2012,10/6/2012,@,Wisconsin,,L,14.0,31.0,
101,2012,10/13/2012,@,Michigan,,L,0.0,45.0,
102,2012,10/27/2012,vs.,Indiana,,L,17.0,31.0,Homecoming
103,2012,11/3/2012,@,Ohio State,,L,22.0,52.0,
104,2012,11/10/2012,vs.,Minnesota,,L,3.0,17.0,
105,2012,11/17/2012,vs.,Purdue,,L,17.0,20.0,
106,2012,11/24/2012,@,Northwestern,,L,14.0,50.0,
107,2011,9/3/2011,vs.,Arkansas State,,W,33.0,15.0,
108,2011,9/10/2011,vs.,South Dakota State,,W,56.0,3.0,
109,2011,9/17/2011,vs.,Arizona State,,W,17.0,14.0,
110,2011,9/24/2011,vs.,Western Michigan,,W,23.0,20.0,
111,2011,10/1/2011,vs.,Northwestern,,W,38.0,35.0,Homecoming
112,2011,10/8/2011,@,Indiana,,W,41.0,20.0,
113,2011,10/15/2011,vs.,Ohio State,,L,7.0,17.0,
114,2011,10/22/2011,@,Purdue,,L,14.0,21.0,
115,2011,10/29/2011,@,Penn State,,L,7.0,10.0,
116,2011,11/12/2011,vs.,Michigan,,L,14.0,31.0,
117,2011,11/19/2011,vs.,Wisconsin,,L,17.0,28.0,
118,2011,11/26/2011,@,Minnesota,,L,7.0,27.0,
119,2011,12/31/2011,"San Francisco, CA",UCLA,,W,20.0,14.0,Fight Hunger Bowl
120,2010,9/4/2010,"St. Louis, MO",Missouri,,L,13.0,23.0,
121,2010,9/11/2010,vs.,Southern Illinois,,W,35.0,3.0,
122,2010,9/18/2010,vs.,Northern Illinois,,W,28.0,22.0,
123,2010,10/2/2010,vs.,Ohio State,,L,13.0,24.0,
124,2010,10/9/2010,@,Penn State,,W,33.0,13.0,
125,2010,10/16/2010,@,Michigan State,,L,6.0,26.0,
126,2010,10/23/2010,vs.,Indiana,,W,43.0,13.0,Homecoming
127,2010,10/30/2010,vs.,Purdue,,W,44.0,10.0,
128,2010,11/6/2010,@,Michigan,,L,65.0,67.0,
129,2010,11/13/2010,vs.,Minnesota,,L,34.0,38.0,
130,2010,11/20/2010,"Chicago, IL",Northwestern,,W,48.0,27.0,
131,2010,12/3/2010,@,Fresno State,,L,23.0,25.0,
132,2010,12/29/2010,"Houston, TX",Baylor,,W,38.0,14.0,Texas Bowl
133,2009,9/5/2009,"St. Louis, MO",Missouri,,L,9.0,37.0,
134,2009,9/12/2009,vs.,Illinois State,,W,45.0,17.0,
135,2009,9/26/2009,@,Ohio State,,L,0.0,30.0,
136,2009,10/3/2009,vs.,Penn State,,L,17.0,35.0,
137,2009,10/10/2009,vs.,Michigan State,,L,14.0,24.0,Homecoming
138,2009,10/17/2009,@,Indiana,,L,14.0,27.0,
139,2009,10/24/2009,@,Purdue,,L,14.0,24.0,
140,2009,10/31/2009,vs.,Michigan,,W,38.0,13.0,
141,2009,11/7/2009,@,Minnesota,,W,35.0,32.0,
142,2009,11/14/2009,vs.,Northwestern,,L,16.0,21.0,
143,2009,11/27/2009,@,Cincinnati,,L,36.0,49.0,
144,2009,12/5/2009,vs.,Fresno State,,L,52.0,53.0,
145,2008,8/30/2008,"St. Louis, MO",Missouri,,L,42.0,52.0,
146,2008,9/6/2008,vs.,Eastern Illinois,,W,47.0,21.0,
147,2008,9/13/2008,vs.,Louisiana-Lafayette,,W,20.0,17.0,
148,2008,9/27/2008,@,Penn State,,L,24.0,38.0,
149,2008,10/4/2008,@,Michigan,,W,45.0,20.0,
150,2008,10/11/2008,vs.,Minnesota,,L,20.0,27.0,Homecoming
151,2008,10/18/2008,vs.,Indiana,,W,55.0,13.0,
152,2008,10/25/2008,@,Wisconsin,,L,17.0,27.0,
153,2008,11/1/2008,vs.,Iowa,,W,27.0,24.0,
154,2008,11/8/2008,"Detroit, MI",Western Michigan,,L,17.0,23.0,
155,2008,11/15/2008,vs.,Ohio State,,L,20.0,30.0,
156,2008,11/22/2008,@,Northwestern,,L,10.0,27.0,
157,2007,1/1/2008,"Pasadena, CA",Southern California,,L,17.0,49.0,Rose Bowl
158,2007,9/1/2007,"St. Louis, MO",Missouri,,L,34.0,40.0,
159,2007,9/8/2007,vs.,Western Illinois,,W,21.0,0.0,
160,2007,9/15/2007,@,Syracuse,,W,41.0,20.0,
161,2007,9/22/2007,@,Indiana,,W,27.0,14.0,
162,2007,9/29/2007,vs.,Penn State,,W,27.0,20.0,
163,2007,10/6/2007,vs.,Wisconsin,,W,31.0,26.0,
164,2007,10/13/2007,@,Iowa,,L,6.0,10.0,
165,2007,10/20/2007,vs.,Michigan,,L,17.0,27.0,
166,2007,10/27/2007,vs.,Ball State,,W,28.0,17.0,Homecoming
167,2007,11/3/2007,@,Minnesota,,W,44.0,17.0,
168,2007,11/10/2007,@,Ohio State,,W,28.0,21.0,
169,2007,11/17/2007,vs.,Northwestern,,W,41.0,22.0,
170,2006,9/2/2006,vs.,Eastern Illinois,,W,42.0,17.0,
171,2006,9/9/2006,@,Rutgers,,L,0.0,33.0,
172,2006,9/16/2006,vs.,Syracuse,,L,21.0,31.0,
173,2006,9/23/2006,vs.,Iowa,,L,7.0,24.0,
174,2006,9/30/2006,@,Michigan State,,W,23.0,20.0,
175,2006,10/7/2006,vs.,Indiana,,L,32.0,34.0,Homecoming
176,2006,10/14/2006,vs.,Ohio,,L,17.0,20.0,
177,2006,10/21/2006,@,Penn State,,L,12.0,26.0,
178,2006,10/28/2006,@,Wisconsin,,L,24.0,30.0,
179,2006,11/4/2006,vs.,Ohio State,,L,10.0,17.0,
180,2006,11/11/2006,vs.,Purdue,,L,31.0,42.0,
181,2006,11/18/2006,@,Northwestern,,L,16.0,27.0,
182,2005,9/3/2005,vs.,Rutgers,,W,33.0,30.0,
183,2005,9/10/2005,vs.,San Jose State,,W,40.0,19.0,
184,2005,9/17/2005,@,California,,L,20.0,35.0,
185,2005,9/24/2005,vs.,Michigan State,,L,14.0,61.0,
186,2005,10/1/2005,@,Iowa,,L,7.0,35.0,
187,2005,10/8/2005,@,Indiana,,L,13.0,36.0,
188,2005,10/22/2005,vs.,Penn State,,L,10.0,63.0,Homecoming
189,2005,10/29/2005,vs.,Wisconsin,,L,24.0,41.0,
190,2005,11/5/2005,@,Ohio State,,L,2.0,40.0,
191,2005,11/12/2005,@,Purdue,,L,3.0,37.0,
192,2005,11/19/2005,vs.,Northwestern,,L,21.0,38.0,
193,2004,9/4/2004,vs.,Florida A&M,,W,52.0,13.0,
194,2004,9/11/2004,vs.,UCLA,,L,17.0,35.0,
195,2004,9/18/2004,vs.,Western Michigan,,W,30.0,27.0,
196,2004,9/25/2004,vs.,Purdue,,L,30.0,38.0,
197,2004,10/2/2004,@,Wisconsin,,L,7.0,24.0,
198,2004,10/9/2004,@,Michigan State,,L,25.0,38.0,
199,2004,10/16/2004,vs.,Michigan,,L,19.0,30.0,
200,2004,10/23/2004,@,Minnesota,,L,0.0,45.0,
201,2004,10/30/2004,vs.,Iowa,,L,13.0,23.0,Homecoming
202,2004,11/6/2004,vs.,Indiana,,W,26.0,22.0,
203,2004,11/20/2004,@,Northwestern,,L,21.0,28.0,
204,2003,8/30/2003,"St. Louis, MO",Missouri,,L,15.0,22.0,
205,2003,9/6/2003,vs.,Illinois State,,W,49.0,22.0,
206,2003,9/13/2003,@,UCLA,,L,3.0,6.0,
207,2003,9/20/2003,vs.,California,,L,24.0,31.0,
208,2003,9/27/2003,vs.,Wisconsin,,L,20.0,38.0,
209,2003,10/4/2003,@,Purdue,,L,10.0,43.0,
210,2003,10/11/2003,vs.,Michigan State,,L,14.0,49.0,
211,2003,10/18/2003,@,Michigan,,L,14.0,56.0,
212,2003,10/25/2003,vs.,Minnesota,,L,10.0,36.0,Homecoming
213,2003,11/1/2003,@,Iowa,,L,10.0,41.0,
214,2003,11/8/2003,@,Indiana,,L,14.0,17.0,
215,2003,11/22/2003,vs.,Northwestern,,L,20.0,37.0,
216,2002,8/31/2002,"St. Louis, MO",Missouri,,L,20.0,33.0,
217,2002,9/7/2002,@,Southern Mississippi,,L,20.0,23.0,
218,2002,9/14/2002,vs.,Arkansas State,,W,59.0,7.0,
219,2002,9/21/2002,vs.,San Jose State,,L,35.0,38.0,
220,2002,9/28/2002,vs.,Michigan,,L,28.0,45.0,
221,2002,10/3/2002,@,Minnesota,,L,10.0,31.0,
222,2002,10/12/2002,vs.,Purdue,,W,38.0,31.0,
223,2002,10/26/2002,vs.,Indiana,,W,45.0,14.0,Homecoming
224,2002,11/2/2002,@,Penn State,,L,7.0,18.0,
225,2002,11/9/2002,@,Wisconsin,,W,37.0,20.0,
226,2002,11/16/2002,vs.,Ohio State,,L,16.0,23.0,
227,2002,11/23/2002,@,Northwestern,,W,31.0,24.0,
228,2001,1/1/2002,"New Orleans, LA",Louisiana State,,L,34.0,47.0,Sugar Bowl
229,2001,9/1/2001,@,California,,W,44.0,17.0,
230,2001,9/8/2001,vs.,Northern Illinois,,W,17.0,12.0,
231,2001,9/22/2001,vs.,Louisville,,W,34.0,10.0,
232,2001,9/29/2001,@,Michigan,,L,20.0,45.0,
233,2001,10/6/2001,vs.,Minnesota,,W,25.0,14.0,
234,2001,10/13/2001,@,Indiana,,W,35.0,14.0,
235,2001,10/20/2001,vs.,Wisconsin,,W,42.0,35.0,Homecoming
236,2001,11/3/2001,@,Purdue,,W,38.0,13.0,
237,2001,11/10/2001,vs.,Penn State,,W,33.0,28.0,
238,2001,11/17/2001,@,Ohio State,,W,34.0,22.0,
239,2001,11/22/2001,vs.,Northwestern,,W,34.0,28.0,
240,2000,9/2/2000,vs.,Middle Tennessee State,,W,35.0,6.0,
241,2000,9/9/2000,@,San Diego State,,W,49.0,13.0,
242,2000,9/16/2000,vs.,California,,W,17.0,15.0,
243,2000,9/23/2000,vs.,Michigan,,L,31.0,35.0,
244,2000,9/30/2000,@,Minnesota,,L,10.0,44.0,
245,2000,10/14/2000,vs.,Iowa,,W,31.0,0.0,Homecoming
246,2000,10/21/2000,@,Penn State,,L,25.0,39.0,
247,2000,10/28/2000,@,Michigan State,,L,10.0,14.0,
248,2000,11/4/2000,vs.,Indiana,,W,42.0,35.0,
249,2000,11/11/2000,vs.,Ohio State,,L,21.0,24.0,
250,2000,11/18/2000,@,Northwestern,,L,23.0,61.0,
251,1999,9/4/1999,vs.,Arkansas State,,W,41.0,3.0,
252,1999,9/11/1999,vs.,San Diego State,,W,38.0,10.0,
253,1999,9/18/1999,@,Louisville,,W,41.0,36.0,
254,1999,9/25/1999,vs.,Michigan State,,L,10.0,27.0,
255,1999,10/2/1999,@,Indiana,,L,31.0,34.0,
256,1999,10/16/1999,vs.,Minnesota,,L,7.0,37.0,Homecoming
257,1999,10/23/1999,@,Michigan,,W,35.0,29.0,
258,1999,10/30/1999,vs.,Penn State,,L,7.0,27.0,
259,1999,11/6/1999,@,Iowa,,W,40.0,24.0,
260,1999,11/13/1999,@,Ohio State,,W,46.0,20.0,
261,1999,11/20/1999,vs.,Northwestern,,W,29.0,7.0,
262,1999,12/30/1999,"Miami, FL",Virginia,,W,63.0,21.0,Micron PC Bowl
263,1998,9/5/1998,@,Washington State,,L,13.0,20.0,
264,1998,9/12/1998,vs.,Middle Tennessee State,,W,48.0,20.0,
265,1998,9/19/1998,vs.,Louisville,,L,9.0,35.0,
266,1998,9/26/1998,vs.,Iowa,,L,14.0,37.0,
267,1998,10/3/1998,@,Northwestern,,W,13.0,10.0,
268,1998,10/10/1998,vs.,Ohio State,,L,0.0,41.0,
269,1998,10/17/1998,vs.,Wisconsin,,L,3.0,37.0,Homecoming
270,1998,10/24/1998,@,Purdue,,L,9.0,42.0,
271,1998,10/31/1998,@,Penn State,,L,0.0,27.0,
272,1998,11/7/1998,vs.,Indiana,,W,31.0,16.0,
273,1998,11/21/1998,@,Michigan State,,L,9.0,41.0,
274,1997,9/6/1997,vs.,Southern Mississippi,,L,7.0,24.0,
275,1997,9/13/1997,@,Louisville,,L,14.0,26.0,
276,1997,9/20/1997,vs.,Washington State,,L,22.0,35.0,
277,1997,9/27/1997,@,Iowa,,L,10.0,38.0,
278,1997,10/4/1997,vs.,Penn State,,L,6.0,41.0,
279,1997,10/11/1997,@,Wisconsin,,L,7.0,31.0,
280,1997,10/25/1997,vs.,Purdue,,L,3.0,48.0,Homecoming
281,1997,11/1/1997,@,Indiana,,L,6.0,23.0,
282,1997,11/8/1997,vs.,Northwestern,,L,21.0,34.0,
283,1997,11/15/1997,@,Ohio State,,L,6.0,41.0,
284,1997,11/22/1997,vs.,Michigan State,,L,17.0,27.0,
285,1996,8/31/1996,@,Michigan,,L,8.0,20.0,
286,1996,9/7/1996,vs.,Southern California,,L,3.0,55.0,
287,1996,9/14/1996,@,Arizona,,L,0.0,41.0,
288,1996,9/21/1996,vs.,Akron,,W,38.0,7.0,
289,1996,10/5/1996,vs.,Indiana,,W,46.0,43.0,
290,1996,10/12/1996,@,Michigan State,,L,14.0,42.0,
291,1996,10/26/1996,@,Northwestern,,L,24.0,27.0,
292,1996,11/2/1996,vs.,Iowa,,L,21.0,31.0,Homecoming
293,1996,11/9/1996,vs.,Ohio State,,L,0.0,48.0,
294,1996,11/16/1996,@,Minnesota,,L,21.0,23.0,
295,1996,11/23/1996,vs.,Wisconsin,,L,15.0,35.0,
296,1995,9/2/1995,vs.,Michigan,,L,14.0,38.0,
297,1995,9/9/1995,@,Oregon,,L,31.0,34.0,
298,1995,9/16/1995,vs.,Arizona,,W,9.0,7.0,
299,1995,9/23/1995,vs.,East Carolina,,W,7.0,0.0,
300,1995,10/7/1995,@,Indiana,,W,17.0,10.0,
301,1995,10/14/1995,vs.,Michigan State,,L,21.0,27.0,
302,1995,10/28/1995,vs.,Northwestern,,L,14.0,17.0,Homecoming
303,1995,11/4/1995,@,Iowa,,W,26.0,7.0,
304,1995,11/11/1995,@,Ohio State,,L,3.0,41.0,
305,1995,11/18/1995,vs.,Minnesota,,W,48.0,14.0,
306,1995,11/25/1995,@,Wisconsin,,T,3.0,3.0,
307,1994,9/1/1994,"Chicago, IL",Washington State,,L,9.0,10.0,
308,1994,9/10/1994,vs.,Missouri,,W,42.0,0.0,
309,1994,9/17/1994,vs.,Northern Illinois,,W,34.0,10.0,
310,1994,10/1/1994,vs.,Purdue,,L,16.0,22.0,Homecoming
311,1994,10/8/1994,@,Ohio State,,W,24.0,10.0,
312,1994,10/15/1994,vs.,Iowa,,W,47.0,7.0,
313,1994,10/22/1994,vs.,Michigan,,L,14.0,19.0,
314,1994,10/29/1994,@,Northwestern,,W,28.0,7.0,
315,1994,11/5/1994,@,Minnesota,,W,21.0,17.0,
316,1994,11/12/1994,vs.,Penn State,,L,31.0,35.0,
317,1994,11/19/1994,@,Wisconsin,,L,13.0,19.0,
318,1994,12/31/1994,"Memphis, TN",East Carolina,,W,30.0,0.0,Liberty Bowl
319,1993,9/11/1993,@,Missouri,,L,3.0,31.0,
320,1993,9/18/1993,vs.,Arizona,,L,14.0,16.0,
321,1993,9/25/1993,vs.,Oregon,,L,7.0,13.0,
322,1993,10/2/1993,@,Purdue,,W,28.0,10.0,
323,1993,10/9/1993,vs.,Ohio State,,L,12.0,20.0,
324,1993,10/16/1993,@,Iowa,,W,49.0,3.0,
325,1993,10/23/1993,@,Michigan,,W,24.0,21.0,
326,1993,10/30/1993,vs.,Northwestern,,W,20.0,13.0,Homecoming
327,1993,11/6/1993,vs.,Minnesota,,W,23.0,20.0,
328,1993,11/13/1993,@,Penn State,,L,14.0,28.0,
329,1993,11/20/1993,vs.,Wisconsin,,L,10.0,35.0,
330,1992,9/5/1992,vs.,Northern Illinois,,W,30.0,14.0,
331,1992,9/12/1992,vs.,Missouri,,W,24.0,17.0,
332,1992,9/19/1992,@,Houston,,L,13.0,31.0,
333,1992,10/3/1992,@,Minnesota,,L,17.0,18.0,
334,1992,10/10/1992,@,Ohio State,,W,18.0,16.0,
335,1992,10/17/1992,vs.,Iowa,,L,14.0,24.0,
336,1992,10/24/1992,vs.,Northwestern,,L,26.0,27.0,Homecoming
337,1992,10/31/1992,@,Wisconsin,,W,13.0,12.0,
338,1992,11/7/1992,vs.,Purdue,,W,20.0,17.0,
339,1992,11/14/1992,@,Michigan,,T,22.0,22.0,
340,1992,11/21/1992,vs.,Michigan State,,W,14.0,10.0,
341,1992,12/30/1992,"San Diego, CA",Hawaii,,L,17.0,27.0,Holiday Bowl
342,1991,8/31/1991,vs.,East Carolina,,W,38.0,31.0,
343,1991,9/14/1991,@,Missouri,,L,19.0,23.0,
344,1991,9/21/1991,vs.,Houston,,W,51.0,10.0,
345,1991,10/5/1991,vs.,Minnesota,,W,24.0,3.0,Homecoming
346,1991,10/12/1991,vs.,Ohio State,,W,10.0,7.0,
347,1991,10/19/1991,@,Iowa,,L,21.0,24.0,
348,1991,10/26/1991,@,Northwestern,,L,11.0,17.0,
349,1991,11/2/1991,vs.,Wisconsin,,W,22.0,6.0,
350,1991,11/9/1991,@,Purdue,,W,41.0,14.0,
351,1991,11/16/1991,vs.,Michigan,,L,0.0,20.0,
352,1991,11/23/1991,@,Michigan State,,L,24.0,27.0,
353,1991,12/31/1991,"El Paso, TX",UCLA,,L,3.0,6.0,Sun Bowl
354,1990,1/1/1991,"Tampa, FL",Clemson,,L,0.0,30.0,Hall of Fame Bowl
355,1990,9/8/1990,@,Arizona,,L,16.0,28.0,
356,1990,9/15/1990,vs.,Colorado,,W,23.0,22.0,
357,1990,9/22/1990,vs.,Southern Illinois,,W,56.0,21.0,
358,1990,10/6/1990,@,Ohio State,,W,31.0,20.0,
359,1990,10/13/1990,vs.,Purdue,,W,34.0,0.0,
360,1990,10/20/1990,vs.,Michigan State,,W,15.0,13.0,
361,1990,10/27/1990,@,Wisconsin,,W,21.0,3.0,
362,1990,11/3/1990,vs.,Iowa,,L,28.0,54.0,
363,1990,11/10/1990,@,Michigan,,L,17.0,22.0,Homecoming
364,1990,11/17/1990,@,Indiana,,W,24.0,10.0,
365,1990,11/24/1990,vs.,Northwestern,,W,28.0,23.0,
366,1989,1/1/1990,"Orlando, FL",Virginia,,W,31.0,21.0,Citrus Bowl
367,1989,9/4/1989,@,Southern California,,W,14.0,13.0,
368,1989,9/16/1989,@,Colorado,,L,7.0,38.0,
369,1989,9/23/1989,vs.,Utah State,,W,41.0,2.0,
370,1989,10/7/1989,vs.,Ohio State,,W,34.0,14.0,
371,1989,10/14/1989,@,Purdue,,W,14.0,2.0,
372,1989,10/21/1989,@,Michigan State,,W,14.0,10.0,
373,1989,10/28/1989,vs.,Wisconsin,,W,32.0,9.0,Homecoming
374,1989,11/4/1989,@,Iowa,,W,31.0,7.0,
375,1989,11/11/1989,vs.,Michigan,,L,10.0,24.0,
376,1989,11/18/1989,vs.,Indiana,,W,41.0,28.0,
377,1989,11/25/1989,@,Northwestern,,W,63.0,14.0,
378,1988,9/3/1988,vs.,Washington State,,L,7.0,44.0,
379,1988,9/10/1988,@,Arizona State,,L,16.0,21.0,
380,1988,9/17/1988,vs.,Utah,,W,35.0,24.0,
381,1988,10/1/1988,@,Ohio State,,W,31.0,12.0,
382,1988,10/8/1988,vs.,Purdue,,W,20.0,0.0,
383,1988,10/15/1988,@,Wisconsin,,W,34.0,6.0,
384,1988,10/22/1988,vs.,Michigan State,,L,21.0,28.0,Homecoming
385,1988,10/29/1988,@,Minnesota,,T,27.0,27.0,
386,1988,11/5/1988,vs.,Indiana,,W,21.0,20.0,
387,1988,11/12/1988,@,Michigan,,L,9.0,38.0,
388,1988,11/19/1988,vs.,Northwestern,,W,14.0,9.0,
389,1988,12/29/1988,"Birmingham, AL",Florida,,L,10.0,14.0,All-American Bowl
390,1987,9/5/1987,@,North Carolina,,L,14.0,34.0,
391,1987,9/12/1987,vs.,Arizona State,,L,7.0,21.0,
392,1987,9/19/1987,vs.,East Carolina,,W,20.0,10.0,
393,1987,10/3/1987,vs.,Ohio State,,L,6.0,10.0,
394,1987,10/10/1987,@,Purdue,,L,3.0,9.0,
395,1987,10/17/1987,vs.,Wisconsin,,W,16.0,14.0,
396,1987,10/24/1987,@,Michigan State,,T,14.0,14.0,
397,1987,10/31/1987,vs.,Minnesota,,W,27.0,17.0,Homecoming
398,1987,11/7/1987,@,Indiana,,L,22.0,34.0,
399,1987,11/14/1987,vs.,Michigan,,L,14.0,17.0,
400,1987,11/21/1987,@,Northwestern,,L,10.0,28.0,
401,1986,9/6/1986,vs.,Louisville,,W,23.0,0.0,
402,1986,9/13/1986,@,Southern California,,L,16.0,31.0,
403,1986,9/20/1986,vs.,Nebraska,,L,14.0,59.0,
404,1986,10/4/1986,@,Ohio State,,L,0.0,14.0,
405,1986,10/11/1986,vs.,Purdue,,W,34.0,27.0,
406,1986,10/18/1986,vs.,Michigan State,,L,21.0,29.0,Homecoming
407,1986,10/25/1986,@,Wisconsin,,L,9.0,15.0,
408,1986,11/1/1986,@,Michigan,,L,13.0,69.0,
409,1986,11/8/1986,vs.,Iowa,,W,20.0,16.0,
410,1986,11/15/1986,@,Indiana,,W,21.0,16.0,
411,1986,11/22/1986,vs.,Northwestern,,L,18.0,23.0,
412,1985,9/7/1985,vs.,Southern California,,L,10.0,20.0,
413,1985,9/14/1985,vs.,Southern Illinois,,W,28.0,25.0,
414,1985,9/21/1985,@,Nebraska,,L,25.0,52.0,
415,1985,10/5/1985,vs.,Ohio State,,W,31.0,28.0,
416,1985,10/12/1985,@,Purdue,,L,24.0,30.0,
417,1985,10/19/1985,@,Michigan State,,W,30.0,17.0,
418,1985,10/26/1985,vs.,Wisconsin,,W,38.0,25.0,Homecoming
419,1985,11/2/1985,vs.,Michigan,,T,3.0,3.0,
420,1985,11/9/1985,@,Iowa,,L,0.0,59.0,
421,1985,11/16/1985,vs.,Indiana,,W,41.0,24.0,
422,1985,11/23/1985,@,Northwestern,,W,45.0,20.0,
423,1985,12/31/1985,"Atlanta, GA",Army,,L,29.0,31.0,Peach Bowl
424,1984,9/1/1984,vs.,Northwestern,,W,24.0,16.0,
425,1984,9/8/1984,vs.,Missouri,,W,30.0,24.0,
426,1984,9/15/1984,@,Stanford,,L,19.0,34.0,
427,1984,9/22/1984,vs.,Michigan State,,W,40.0,7.0,
428,1984,9/29/1984,@,Iowa,,L,16.0,21.0,
429,1984,10/6/1984,vs.,Wisconsin,,W,22.0,6.0,
430,1984,10/13/1984,@,Ohio State,,L,38.0,45.0,
431,1984,10/20/1984,vs.,Purdue,,W,34.0,20.0,
432,1984,10/27/1984,@,Michigan,,L,18.0,26.0,
433,1984,11/3/1984,vs.,Minnesota,,W,48.0,3.0,Homecoming
434,1984,11/10/1984,"Indianapolis, IN",Indiana,,W,34.0,7.0,
435,1983,1/2/1984,"Pasadena, CA",UCLA,,L,9.0,45.0,Rose Bowl
436,1983,9/10/1983,@,Missouri,,L,18.0,28.0,
437,1983,9/17/1983,vs.,Stanford,,W,17.0,7.0,
438,1983,9/24/1983,@,Michigan State,,W,20.0,10.0,
439,1983,10/1/1983,vs.,Iowa,,W,33.0,0.0,
440,1983,10/8/1983,@,Wisconsin,,W,27.0,15.0,
441,1983,10/15/1983,vs.,Ohio State,,W,17.0,13.0,Homecoming
442,1983,10/22/1983,@,Purdue,,W,35.0,21.0,
443,1983,10/29/1983,vs.,Michigan,,W,16.0,6.0,
444,1983,11/5/1983,@,Minnesota,,W,50.0,23.0,
445,1983,11/12/1983,vs.,Indiana,,W,49.0,21.0,
446,1983,11/19/1983,@,Northwestern,,W,56.0,24.0,
447,1982,9/4/1982,vs.,Northwestern,,W,49.0,13.0,
448,1982,9/11/1982,vs.,Michigan State,,W,23.0,16.0,
449,1982,9/18/1982,@,Syracuse,,W,47.0,10.0,
450,1982,9/25/1982,vs.,Pittsburgh,,L,3.0,20.0,
451,1982,10/2/1982,@,Minnesota,,W,42.0,24.0,
452,1982,10/9/1982,vs.,Purdue,,W,38.0,34.0,
453,1982,10/16/1982,vs.,Ohio State,,L,21.0,26.0,Homecoming
454,1982,10/23/1982,@,Wisconsin,,W,29.0,28.0,
455,1982,10/30/1982,@,Iowa,,L,13.0,14.0,
456,1982,11/6/1982,vs.,Michigan,,L,10.0,16.0,
457,1982,11/13/1982,@,Indiana,,W,48.0,7.0,
458,1982,12/29/1982,"Memphis, TN",Alabama,,L,15.0,21.0,Liberty Bowl
459,1981,9/5/1981,@,Pittsburgh,,L,6.0,26.0,
460,1981,9/12/1981,@,Michigan State,,W,27.0,17.0,
461,1981,9/19/1981,vs.,Syracuse,,W,17.0,14.0,
462,1981,10/3/1981,vs.,Minnesota,,W,38.0,29.0,
463,1981,10/10/1981,@,Purdue,,L,20.0,44.0,
464,1981,10/17/1981,@,Ohio State,,L,27.0,34.0,
465,1981,10/24/1981,vs.,Wisconsin,,W,23.0,21.0,Homecoming
466,1981,10/31/1981,vs.,Iowa,,W,24.0,7.0,
467,1981,11/7/1981,@,Michigan,,L,21.0,70.0,
468,1981,11/14/1981,vs.,Indiana,,W,35.0,14.0,
469,1981,11/21/1981,@,Northwestern,,W,49.0,12.0,
470,1980,9/6/1980,vs.,Northwestern,,W,35.0,9.0,
471,1980,9/13/1980,vs.,Michigan State,,W,20.0,17.0,
472,1980,9/20/1980,@,Missouri,,L,7.0,52.0,
473,1980,9/27/1980,vs.,Air Force,,T,20.0,20.0,
474,1980,10/4/1980,vs.,Mississippi State,,L,21.0,28.0,
475,1980,10/11/1980,@,Iowa,,W,20.0,14.0,
476,1980,10/18/1980,vs.,Purdue,,L,20.0,45.0,
477,1980,10/25/1980,@,Michigan,,L,14.0,45.0,
478,1980,11/1/1980,vs.,Minnesota,,L,18.0,21.0,Homecoming
479,1980,11/8/1980,@,Ohio State,,L,42.0,49.0,
480,1980,11/15/1980,@,Indiana,,L,24.0,26.0,
481,1979,9/8/1979,@,Michigan State,,L,16.0,33.0,
482,1979,9/15/1979,vs.,Missouri,,L,6.0,14.0,
483,1979,9/22/1979,@,Air Force,,W,27.0,19.0,
484,1979,9/29/1979,vs.,Navy,,L,12.0,13.0,
485,1979,10/6/1979,vs.,Iowa,,L,7.0,13.0,Homecoming
486,1979,10/13/1979,@,Purdue,,L,14.0,28.0,
487,1979,10/20/1979,vs.,Michigan,,L,7.0,27.0,
488,1979,10/27/1979,@,Minnesota,,T,17.0,17.0,
489,1979,11/3/1979,vs.,Ohio State,,L,7.0,44.0,
490,1979,11/10/1979,vs.,Indiana,,L,14.0,45.0,
491,1979,11/17/1979,@,Northwestern,,W,29.0,13.0,
492,1978,9/9/1978,vs.,Northwestern,,T,0.0,0.0,
493,1978,9/16/1978,@,Michigan,,L,0.0,31.0,
494,1978,9/23/1978,vs.,Stanford,,L,10.0,35.0,
495,1978,9/30/1978,@,Syracuse,,W,28.0,14.0,
496,1978,10/7/1978,@,Missouri,,L,3.0,45.0,
497,1978,10/14/1978,vs.,Wisconsin,,T,20.0,20.0,
498,1978,10/21/1978,vs.,Purdue,,L,0.0,13.0,
499,1978,10/28/1978,@,Indiana,,L,10.0,31.0,
500,1978,11/4/1978,vs.,Michigan State,,L,19.0,59.0,Homecoming
501,1978,11/11/1978,@,Ohio State,,L,7.0,45.0,
502,1978,11/18/1978,@,Minnesota,,L,6.0,24.0,
503,1977,9/10/1977,vs.,Michigan,,L,9.0,37.0,
504,1977,9/17/1977,vs.,Missouri,,W,11.0,7.0,
505,1977,9/24/1977,@,Stanford,,L,24.0,37.0,
506,1977,10/1/1977,vs.,Syracuse,,L,20.0,30.0,
507,1977,10/8/1977,@,Wisconsin,,L,0.0,26.0,
508,1977,10/15/1977,@,Purdue,,W,29.0,22.0,
509,1977,10/22/1977,vs.,Indiana,,W,21.0,7.0,
510,1977,10/29/1977,@,Michigan State,,L,20.0,49.0,
511,1977,11/5/1977,vs.,Ohio State,,L,0.0,35.0,Homecoming
512,1977,11/12/1977,vs.,Minnesota,,L,0.0,21.0,
513,1977,11/19/1977,@,Northwestern,,L,7.0,21.0,
514,1976,9/11/1976,vs.,Iowa,,W,24.0,6.0,
515,1976,9/18/1976,@,Missouri,,W,31.0,6.0,
516,1976,9/25/1976,vs.,Baylor,,L,19.0,34.0,
517,1976,10/2/1976,vs.,Texas A&M,,L,7.0,14.0,
518,1976,10/9/1976,@,Minnesota,,L,14.0,29.0,
519,1976,10/16/1976,@,Purdue,,W,21.0,17.0,
520,1976,10/23/1976,vs.,Michigan State,,L,23.0,31.0,
521,1976,10/30/1976,vs.,Wisconsin,,W,31.0,25.0,Homecoming
522,1976,11/6/1976,@,Ohio State,,L,10.0,42.0,
523,1976,11/13/1976,@,Michigan,,L,7.0,38.0,
524,1976,11/20/1976,vs.,Northwestern,,W,48.0,6.0,
525,1975,9/13/1975,@,Iowa,,W,27.0,12.0,
526,1975,9/20/1975,vs.,Missouri,,L,20.0,30.0,
527,1975,9/27/1975,@,Texas A&M,,L,13.0,43.0,
528,1975,10/4/1975,vs.,Washington State,,W,27.0,21.0,
529,1975,10/11/1975,vs.,Minnesota,,W,42.0,23.0,
530,1975,10/18/1975,vs.,Purdue,,L,24.0,26.0,Homecoming
531,1975,10/25/1975,@,Michigan State,,W,21.0,19.0,
532,1975,11/1/1975,@,Wisconsin,,L,9.0,18.0,
533,1975,11/8/1975,vs.,Ohio State,,L,3.0,40.0,
534,1975,11/15/1975,vs.,Michigan,,L,15.0,21.0,
535,1975,11/22/1975,@,Northwestern,,W,28.0,7.0,
536,1974,9/14/1974,vs.,Indiana,,W,16.0,0.0,
537,1974,9/21/1974,@,Stanford,,W,41.0,7.0,
538,1974,9/28/1974,vs.,Washington State,,W,21.0,19.0,
539,1974,10/5/1974,vs.,California,,L,14.0,31.0,
540,1974,10/12/1974,@,Purdue,,W,27.0,23.0,
541,1974,10/19/1974,vs.,Michigan State,,T,21.0,21.0,
542,1974,10/26/1974,@,Iowa,,L,12.0,14.0,
543,1974,11/2/1974,@,Ohio State,,L,7.0,49.0,
544,1974,11/9/1974,vs.,Michigan,,L,6.0,14.0,Homecoming
545,1974,11/16/1974,@,Minnesota,,W,17.0,14.0,
546,1974,11/23/1974,vs.,Northwestern,,W,28.0,14.0,
547,1973,9/15/1973,@,Indiana,,W,28.0,14.0,
548,1973,9/22/1973,@,California,,W,27.0,7.0,
549,1973,9/29/1973,vs.,West Virginia,,L,10.0,17.0,
550,1973,10/6/1973,vs.,Stanford,,L,0.0,24.0,
551,1973,10/13/1973,vs.,Purdue,,W,15.0,13.0,
552,1973,10/20/1973,@,Michigan State,,W,6.0,3.0,
553,1973,10/27/1973,vs.,Iowa,,W,50.0,0.0,Homecoming
554,1973,11/3/1973,vs.,Ohio State,,L,0.0,30.0,
555,1973,11/10/1973,@,Michigan,,L,6.0,21.0,
556,1973,11/17/1973,vs.,Minnesota,,L,16.0,19.0,
557,1973,11/24/1973,@,Northwestern,,L,6.0,9.0,
558,1972,9/16/1972,vs.,Michigan State,,L,0.0,24.0,
559,1972,9/23/1972,vs.,Southern California,,L,20.0,55.0,
560,1972,9/30/1972,@,Washington,,L,11.0,31.0,
561,1972,10/7/1972,vs.,Penn State,,L,17.0,35.0,
562,1972,10/14/1972,@,Ohio State,,L,7.0,26.0,
563,1972,10/21/1972,vs.,Michigan,,L,7.0,31.0,Homecoming
564,1972,10/28/1972,@,Purdue,,L,14.0,20.0,
565,1972,11/4/1972,@,Northwestern,,W,43.0,13.0,
566,1972,11/11/1972,vs.,Indiana,,W,37.0,20.0,
567,1972,11/18/1972,vs.,Wisconsin,,W,27.0,7.0,
568,1972,11/25/1972,@,Iowa,,L,14.0,15.0,
569,1971,9/11/1971,@,Michigan State,,L,0.0,10.0,
570,1971,9/18/1971,vs.,North Carolina,,L,0.0,27.0,
571,1971,9/25/1971,@,Southern California,,L,0.0,28.0,
572,1971,10/2/1971,vs.,Washington,,L,14.0,52.0,
573,1971,10/9/1971,vs.,Ohio State,,L,10.0,24.0,
574,1971,10/16/1971,@,Michigan,,L,6.0,35.0,
575,1971,10/23/1971,vs.,Purdue,,W,21.0,7.0,Homecoming
576,1971,10/30/1971,vs.,Northwestern,,W,24.0,7.0,
577,1971,11/6/1971,@,Indiana,,W,22.0,21.0,
578,1971,11/13/1971,@,Wisconsin,,W,35.0,27.0,
579,1971,11/20/1971,vs.,Iowa,,W,31.0,0.0,
580,1970,9/19/1970,vs.,Oregon,,W,20.0,16.0,
581,1970,9/26/1970,vs.,Tulane,,L,9.0,23.0,
582,1970,10/3/1970,vs.,Syracuse,,W,27.0,0.0,
583,1970,10/10/1970,@,Northwestern,,L,0.0,48.0,
584,1970,10/17/1970,vs.,Indiana,,L,24.0,30.0,Homecoming
585,1970,10/24/1970,vs.,Ohio State,,L,29.0,48.0,
586,1970,10/31/1970,@,Purdue,,W,23.0,21.0,
587,1970,11/7/1970,@,Michigan,,L,0.0,42.0,
588,1970,11/14/1970,vs.,Wisconsin,,L,17.0,29.0,
589,1970,11/21/1970,@,Iowa,,L,16.0,22.0,
590,1969,9/20/1969,vs.,Washington State,,L,18.0,19.0,
591,1969,9/27/1969,"St. Louis, MO",Missouri,,L,6.0,37.0,
592,1969,10/4/1969,vs.,Iowa State,,L,20.0,48.0,
593,1969,10/11/1969,vs.,Northwestern,,L,6.0,10.0,
594,1969,10/18/1969,@,Indiana,,L,20.0,41.0,
595,1969,10/25/1969,@,Ohio State,,L,0.0,41.0,
596,1969,11/1/1969,vs.,Purdue,,L,22.0,49.0,Homecoming
597,1969,11/8/1969,vs.,Michigan,,L,0.0,57.0,
598,1969,11/15/1969,@,Wisconsin,,L,14.0,55.0,
599,1969,11/22/1969,vs.,Iowa,,L,0.0,40.0,
600,1968,9/21/1968,vs.,Kansas,,L,7.0,47.0,
601,1968,9/28/1968,vs.,Missouri,,L,0.0,44.0,
602,1968,10/5/1968,@,Indiana,,L,14.0,28.0,
603,1968,10/12/1968,@,Minnesota,,L,10.0,17.0,
604,1968,10/19/1968,@,Notre Dame,,L,8.0,58.0,
605,1968,10/26/1968,vs.,Ohio State,,L,24.0,31.0,Homecoming
606,1968,11/2/1968,@,Purdue,,L,17.0,35.0,
607,1968,11/9/1968,@,Michigan,,L,0.0,36.0,
608,1968,11/16/1968,vs.,Northwestern,,W,14.0,0.0,
609,1968,11/23/1968,vs.,Iowa,,L,13.0,37.0,
610,1967,9/23/1967,@,Florida,,L,0.0,14.0,
611,1967,9/30/1967,vs.,Pittsburgh,,W,34.0,6.0,
612,1967,10/7/1967,vs.,Indiana,,L,7.0,20.0,
613,1967,10/14/1967,vs.,Minnesota,,L,7.0,10.0,Homecoming
614,1967,10/21/1967,vs.,Notre Dame,,L,7.0,47.0,
615,1967,10/28/1967,@,Ohio State,,W,17.0,13.0,
616,1967,11/4/1967,vs.,Purdue,,L,9.0,42.0,
617,1967,11/11/1967,vs.,Michigan,,L,14.0,21.0,
618,1967,11/18/1967,@,Northwestern,,W,27.0,21.0,
619,1967,11/25/1967,@,Iowa,,W,21.0,19.0,
620,1966,9/17/1966,@,Southern Methodist,,L,7.0,26.0,
621,1966,9/24/1966,vs.,Missouri,,L,14.0,21.0,
622,1966,10/1/1966,vs.,Michigan State,,L,10.0,26.0,
623,1966,10/8/1966,vs.,Ohio State,,W,10.0,9.0,
624,1966,10/15/1966,@,Indiana,,W,24.0,10.0,
625,1966,10/22/1966,vs.,Stanford,,L,3.0,6.0,Homecoming
626,1966,10/29/1966,@,Purdue,,L,21.0,25.0,
627,1966,11/5/1966,@,Michigan,,W,28.0,21.0,
628,1966,11/12/1966,vs.,Wisconsin,,W,49.0,14.0,
629,1966,11/19/1966,@,Northwestern,,L,7.0,35.0,
630,1965,9/18/1965,vs.,Oregon State,,L,10.0,12.0,
631,1965,9/25/1965,vs.,Southern Methodist,,W,42.0,0.0,
632,1965,10/2/1965,@,Michigan State,,L,12.0,22.0,
633,1965,10/9/1965,@,Ohio State,,L,14.0,28.0,
634,1965,10/16/1965,vs.,Indiana,,W,34.0,13.0,Homecoming
635,1965,10/23/1965,vs.,Duke,,W,28.0,14.0,
636,1965,10/30/1965,vs.,Purdue,,W,21.0,0.0,
637,1965,11/6/1965,vs.,Michigan,,L,3.0,23.0,
638,1965,11/13/1965,@,Wisconsin,,W,51.0,0.0,
639,1965,11/20/1965,@,Northwestern,,W,20.0,6.0,
640,1964,9/26/1964,@,California,,W,20.0,14.0,
641,1964,10/3/1964,@,Northwestern,,W,17.0,6.0,
642,1964,10/10/1964,vs.,Ohio State,,L,0.0,26.0,Homecoming
643,1964,10/17/1964,@,Minnesota,,W,14.0,0.0,
644,1964,10/24/1964,vs.,UCLA,,W,26.0,7.0,
645,1964,10/31/1964,@,Purdue,,L,14.0,26.0,
646,1964,11/7/1964,@,Michigan,,L,6.0,21.0,
647,1964,11/14/1964,vs.,Wisconsin,,W,29.0,0.0,
648,1964,11/21/1964,vs.,Michigan State,,W,16.0,0.0,
649,1963,1/1/1964,"Pasadena, CA",Washington,,W,17.0,7.0,Rose Bowl
650,1963,9/28/1963,vs.,California,,W,10.0,0.0,
651,1963,10/5/1963,vs.,Northwestern,,W,10.0,9.0,
652,1963,10/12/1963,@,Ohio State,,T,20.0,20.0,
653,1963,10/19/1963,vs.,Minnesota,,W,16.0,6.0,Homecoming
654,1963,10/25/1963,@,UCLA,,W,18.0,12.0,
655,1963,11/2/1963,vs.,Purdue,,W,41.0,21.0,
656,1963,11/9/1963,vs.,Michigan,,L,8.0,14.0,
657,1963,11/16/1963,@,Wisconsin,,W,17.0,7.0,
658,1963,11/28/1963,@,Michigan State,,W,13.0,0.0,
659,1962,9/29/1962,@,Washington,,L,7.0,28.0,
660,1962,10/6/1962,@,Northwestern,,L,0.0,45.0,
661,1962,10/13/1962,vs.,Ohio State,,L,15.0,51.0,Homecoming
662,1962,10/20/1962,@,Minnesota,,L,0.0,17.0,
663,1962,10/27/1962,vs.,Southern California,,L,16.0,28.0,
664,1962,11/3/1962,@,Purdue,,W,14.0,10.0,
665,1962,11/10/1962,@,Michigan,,L,10.0,14.0,
666,1962,11/17/1962,vs.,Wisconsin,,L,6.0,35.0,
667,1962,11/24/1962,vs.,Michigan State,,W,7.0,6.0,
668,1961,9/30/1961,vs.,Washington,,L,7.0,20.0,
669,1961,10/7/1961,vs.,Northwestern,,L,7.0,28.0,
670,1961,10/14/1961,@,Ohio State,,L,0.0,44.0,
671,1961,10/21/1961,vs.,Minnesota,,L,0.0,33.0,Homecoming
672,1961,10/28/1961,@,Southern California,,L,10.0,14.0,
673,1961,11/4/1961,vs.,Purdue,,L,9.0,23.0,
674,1961,11/11/1961,vs.,Michigan,,L,6.0,38.0,
675,1961,11/18/1961,@,Wisconsin,,L,7.0,55.0,
676,1961,11/25/1961,@,Michigan State,,L,7.0,34.0,
677,1960,9/24/1960,vs.,Indiana,,W,17.0,6.0,
678,1960,10/1/1960,vs.,West Virginia,,W,33.0,0.0,
679,1960,10/8/1960,vs.,Ohio State,,L,7.0,34.0,Homecoming
680,1960,10/15/1960,@,Minnesota,,L,10.0,21.0,
681,1960,10/22/1960,vs.,Penn State,,W,10.0,8.0,
682,1960,10/29/1960,@,Purdue,,W,14.0,12.0,
683,1960,11/5/1960,@,Michigan,,L,7.0,8.0,
684,1960,11/12/1960,vs.,Wisconsin,,W,35.0,14.0,
685,1960,11/19/1960,@,Northwestern,,L,7.0,14.0,
686,1959,9/26/1959,@,Indiana,,L,0.0,20.0,
687,1959,10/3/1959,vs.,Army,,W,20.0,14.0,
688,1959,10/10/1959,@,Ohio State,,W,9.0,0.0,
689,1959,10/17/1959,vs.,Minnesota,,W,14.0,6.0,Homecoming
690,1959,10/24/1959,"Cleveland, OH",Penn State,,L,9.0,20.0,
691,1959,10/31/1959,vs.,Purdue,,T,7.0,7.0,
692,1959,11/7/1959,vs.,Michigan,,L,15.0,20.0,
693,1959,11/14/1959,@,Wisconsin,,W,9.0,6.0,
694,1959,11/21/1959,vs.,Northwestern,,W,28.0,0.0,
695,1958,9/27/1958,vs.,UCLA,,L,14.0,18.0,
696,1958,10/4/1958,@,Duke,,L,13.0,15.0,
697,1958,10/11/1958,vs.,Ohio State,,L,13.0,19.0,
698,1958,10/18/1958,@,Minnesota,,W,20.0,8.0,
699,1958,10/25/1958,vs.,Michigan State,,W,16.0,0.0,Homecoming
700,1958,11/1/1958,@,Purdue,,L,8.0,31.0,
701,1958,11/8/1958,@,Michigan,,W,21.0,8.0,
702,1958,11/15/1958,vs.,Wisconsin,,L,12.0,31.0,
703,1958,11/22/1958,vs.,Northwestern,,W,27.0,20.0,
704,1957,9/27/1957,@,UCLA,,L,6.0,16.0,
705,1957,10/5/1957,vs.,Colgate,,W,40.0,0.0,
706,1957,10/12/1957,@,Ohio State,,L,7.0,21.0,
707,1957,10/19/1957,vs.,Minnesota,,W,34.0,13.0,Homecoming
708,1957,10/26/1957,@,Michigan State,,L,14.0,19.0,
709,1957,11/2/1957,vs.,Purdue,,L,6.0,21.0,
710,1957,11/9/1957,vs.,Michigan,,W,20.0,19.0,
711,1957,11/16/1957,@,Wisconsin,,L,13.0,24.0,
712,1957,11/23/1957,vs.,Northwestern,,W,27.0,0.0,
713,1956,9/29/1956,vs.,California,,W,32.0,20.0,
714,1956,10/6/1956,@,Washington,,L,13.0,28.0,
715,1956,10/13/1956,vs.,Ohio State,,L,6.0,26.0,
716,1956,10/20/1956,@,Minnesota,,L,13.0,16.0,
717,1956,10/27/1956,vs.,Michigan State,,W,20.0,13.0,Homecoming
718,1956,11/3/1956,@,Purdue,,T,7.0,7.0,
719,1956,11/10/1956,@,Michigan,,L,7.0,17.0,
720,1956,11/17/1956,vs.,Wisconsin,,T,13.0,13.0,
721,1956,11/24/1956,@,Northwestern,,L,13.0,14.0,
722,1955,9/24/1955,@,California,,W,20.0,13.0,
723,1955,10/1/1955,vs.,Iowa State,,W,40.0,0.0,
724,1955,10/8/1955,@,Ohio State,,L,12.0,27.0,
725,1955,10/15/1955,vs.,Minnesota,,W,21.0,13.0,
726,1955,10/22/1955,@,Michigan State,,L,7.0,21.0,
727,1955,10/29/1955,vs.,Purdue,,L,0.0,13.0,Homecoming
728,1955,11/5/1955,vs.,Michigan,,W,25.0,6.0,
729,1955,11/12/1955,@,Wisconsin,,W,17.0,14.0,
730,1955,11/19/1955,@,Northwestern,,T,7.0,7.0,
731,1954,9/25/1954,vs.,Penn State,,L,12.0,14.0,
732,1954,10/2/1954,@,Stanford,,L,2.0,12.0,
733,1954,10/9/1954,vs.,Ohio State,,L,7.0,40.0,
734,1954,10/16/1954,@,Minnesota,,L,6.0,19.0,
735,1954,10/23/1954,vs.,Syracuse,,W,34.0,6.0,
736,1954,10/30/1954,@,Purdue,,L,14.0,28.0,
737,1954,11/6/1954,@,Michigan,,L,7.0,14.0,
738,1954,11/13/1954,vs.,Wisconsin,,L,14.0,27.0,Homecoming
739,1954,11/20/1954,vs.,Northwestern,,L,7.0,20.0,
740,1953,9/26/1953,vs.,Nebraska,,T,21.0,21.0,
741,1953,10/3/1953,vs.,Stanford,,W,33.0,21.0,
742,1953,10/10/1953,@,Ohio State,,W,41.0,20.0,
743,1953,10/17/1953,vs.,Minnesota,,W,27.0,7.0,
744,1953,10/24/1953,vs.,Syracuse,,W,20.0,13.0,
745,1953,10/31/1953,vs.,Purdue,,W,21.0,0.0,
746,1953,11/7/1953,vs.,Michigan,,W,19.0,3.0,Homecoming
747,1953,11/14/1953,@,Wisconsin,,L,7.0,34.0,
748,1953,11/21/1953,@,Northwestern,,W,39.0,14.0,
749,1952,9/27/1952,vs.,Iowa State,,W,33.0,7.0,
750,1952,10/4/1952,@,Wisconsin,,L,6.0,20.0,
751,1952,10/11/1952,vs.,Washington,,W,48.0,14.0,
752,1952,10/18/1952,@,Minnesota,,L,7.0,13.0,
753,1952,10/25/1952,vs.,Purdue,,L,12.0,40.0,Homecoming
754,1952,11/1/1952,@,Michigan,,W,22.0,13.0,
755,1952,11/8/1952,@,Iowa,,W,33.0,13.0,
756,1952,11/15/1952,vs.,Ohio State,,L,7.0,27.0,
757,1952,11/22/1952,vs.,Northwestern,,L,26.0,28.0,
758,1951,1/1/1952,"Pasadena, CA",Stanford,,W,40.0,7.0,Rose Bowl
759,1951,9/29/1951,vs.,UCLA,,W,27.0,13.0,
760,1951,10/6/1951,vs.,Wisconsin,,W,14.0,10.0,
761,1951,10/13/1951,@,Syracuse,,W,41.0,20.0,
762,1951,10/20/1951,@,Washington,,W,27.0,20.0,
763,1951,10/27/1951,@,Indiana,,W,21.0,0.0,
764,1951,11/3/1951,vs.,Michigan,,W,7.0,0.0,
765,1951,11/10/1951,vs.,Iowa,,W,40.0,13.0,Homecoming
766,1951,11/17/1951,@,Ohio State,,T,0.0,0.0,
767,1951,11/24/1951,@,Northwestern,,W,3.0,0.0,
768,1950,9/30/1950,vs.,Ohio,,W,28.0,2.0,
769,1950,10/7/1950,vs.,Wisconsin,,L,6.0,7.0,
770,1950,10/13/1950,@,UCLA,,W,14.0,6.0,
771,1950,10/21/1950,vs.,Washington,,W,20.0,13.0,
772,1950,10/28/1950,vs.,Indiana,,W,20.0,0.0,Homecoming
773,1950,11/4/1950,@,Michigan,,W,7.0,0.0,
774,1950,11/11/1950,@,Iowa,,W,21.0,7.0,
775,1950,11/18/1950,vs.,Ohio State,,W,14.0,7.0,
776,1950,11/25/1950,@,Northwestern,,L,7.0,14.0,
777,1949,9/24/1949,vs.,Iowa State,,T,20.0,20.0,
778,1949,10/1/1949,vs.,Wisconsin,,T,13.0,13.0,
779,1949,10/8/1949,@,Iowa,,W,20.0,14.0,
780,1949,10/15/1949,vs.,Missouri,,L,20.0,27.0,
781,1949,10/22/1949,@,Purdue,,W,19.0,0.0,
782,1949,10/29/1949,vs.,Michigan,,L,0.0,13.0,
783,1949,11/5/1949,vs.,Indiana,,W,33.0,14.0,
784,1949,11/12/1949,@,Ohio State,,L,17.0,30.0,
785,1949,11/19/1949,vs.,Northwestern,,L,7.0,9.0,Homecoming
786,1948,9/25/1948,vs.,Kansas State,,W,40.0,0.0,
787,1948,10/2/1948,@,Wisconsin,,L,16.0,20.0,
788,1948,10/9/1948,vs.,Army,,L,21.0,26.0,
789,1948,10/16/1948,@,Minnesota,,L,0.0,6.0,
790,1948,10/23/1948,vs.,Purdue,,W,10.0,6.0,
791,1948,10/30/1948,@,Michigan,,L,20.0,28.0,
792,1948,11/6/1948,vs.,Iowa,,W,14.0,0.0,
793,1948,11/13/1948,vs.,Ohio State,,L,7.0,34.0,Homecoming
794,1948,11/20/1948,@,Northwestern,,L,7.0,20.0,
795,1947,9/27/1947,vs.,Pittsburgh,,W,14.0,0.0,
796,1947,10/4/1947,@,Iowa,,W,35.0,12.0,
797,1947,10/11/1947,"Bronx, NY",Army,,T,0.0,0.0,
798,1947,10/18/1947,vs.,Minnesota,,W,40.0,13.0,
799,1947,10/25/1947,@,Purdue,,L,7.0,14.0,
800,1947,11/1/1947,vs.,Michigan,,L,7.0,14.0,Homecoming
801,1947,11/8/1947,vs.,Western Michigan,,W,60.0,14.0,
802,1947,11/15/1947,@,Ohio State,,W,28.0,7.0,
803,1947,11/22/1947,vs.,Northwestern,,L,13.0,28.0,
804,1946,1/1/1947,"Pasadena, CA",UCLA,,W,45.0,14.0,Rose Bowl
805,1946,9/21/1946,@,Pittsburgh,,W,33.0,7.0,
806,1946,9/28/1946,vs.,Notre Dame,,L,6.0,26.0,
807,1946,10/5/1946,vs.,Purdue,,W,43.0,7.0,
808,1946,10/12/1946,@,Indiana,,L,7.0,14.0,
809,1946,10/19/1946,vs.,Wisconsin,,W,27.0,21.0,Homecoming
810,1946,10/26/1946,@,Michigan,,W,13.0,9.0,
811,1946,11/2/1946,@,Iowa,,W,7.0,0.0,
812,1946,11/16/1946,vs.,Ohio State,,W,16.0,7.0,
813,1946,11/23/1946,@,Northwestern,,W,20.0,0.0,
814,1945,9/22/1945,vs.,Pittsburgh,,W,23.0,6.0,
815,1945,9/29/1945,@,Notre Dame,,L,0.0,7.0,
816,1945,10/6/1945,vs.,Indiana,,L,0.0,6.0,
817,1945,10/20/1945,@,Wisconsin,,T,7.0,7.0,
818,1945,10/27/1945,vs.,Michigan,,L,0.0,19.0,Homecoming
819,1945,11/3/1945,vs.,Great Lakes Navy,,L,6.0,12.0,
820,1945,11/10/1945,vs.,Iowa,,W,48.0,7.0,
821,1945,11/17/1945,@,Ohio State,,L,2.0,27.0,
822,1945,11/24/1945,@,Northwestern,,L,7.0,13.0,
823,1944,9/16/1944,vs.,Illinois State,,W,79.0,0.0,
824,1944,9/23/1944,vs.,Indiana,,W,26.0,18.0,
825,1944,9/30/1944,@,Great Lakes Navy,,T,26.0,26.0,
826,1944,10/7/1944,vs.,Purdue,,L,19.0,35.0,
827,1944,10/14/1944,vs.,Iowa,,W,40.0,6.0,
828,1944,10/21/1944,@,Pittsburgh,,W,39.0,5.0,
829,1944,10/28/1944,vs.,Notre Dame,,L,7.0,13.0,Homecoming
830,1944,11/11/1944,@,Michigan,,L,0.0,14.0,
831,1944,11/18/1944,"Cleveland, OH",Ohio State,,L,12.0,26.0,
832,1944,11/25/1944,@,Northwestern,,W,25.0,6.0,
833,1943,9/11/1943,vs.,Camp Grant,,L,0.0,23.0,
834,1943,9/18/1943,vs.,Iowa Pre-Flight,,L,18.0,32.0,
835,1943,10/2/1943,@,Purdue,,L,21.0,40.0,
836,1943,10/9/1943,@,Wisconsin,,W,25.0,7.0,
837,1943,10/16/1943,vs.,Pittsburgh,,W,33.0,25.0,
838,1943,10/23/1943,@,Notre Dame,,L,0.0,47.0,
839,1943,10/30/1943,vs.,Michigan,,L,6.0,42.0,Homecoming
840,1943,11/6/1943,@,Iowa,,W,19.0,10.0,
841,1943,11/13/1943,@,Ohio State,,L,26.0,29.0,
842,1943,11/20/1943,@,Northwestern,,L,6.0,53.0,
843,1942,9/26/1942,vs.,South Dakota,,W,46.0,0.0,
844,1942,10/3/1942,vs.,Butler,,W,67.0,0.0,
845,1942,10/10/1942,vs.,Minnesota,,W,20.0,13.0,Homecoming
846,1942,10/17/1942,@,Iowa,,W,12.0,7.0,
847,1942,10/24/1942,vs.,Notre Dame,,L,14.0,21.0,
848,1942,10/31/1942,@,Michigan,,L,14.0,28.0,
849,1942,11/7/1942,@,Northwestern,,W,14.0,7.0,
850,1942,11/14/1942,"Cleveland, OH",Ohio State,,L,20.0,44.0,
851,1942,11/21/1942,vs.,Great Lakes Navy,,L,0.0,6.0,
852,1942,11/28/1942,@,Camp Grant,,W,20.0,0.0,
853,1941,10/4/1941,vs.,Miami,,W,45.0,0.0,
854,1941,10/11/1941,@,Minnesota,,L,6.0,34.0,
855,1941,10/18/1941,vs.,Drake,,W,40.0,0.0,
856,1941,10/25/1941,@,Notre Dame,,L,14.0,49.0,
857,1941,11/1/1941,vs.,Michigan,,L,0.0,20.0,Homecoming
858,1941,11/8/1941,vs.,Iowa,,L,0.0,21.0,
859,1941,11/15/1941,@,Ohio State,,L,7.0,12.0,
860,1941,11/22/1941,@,Northwestern,,L,0.0,27.0,
861,1940,10/5/1940,vs.,Bradley,,W,31.0,0.0,
862,1940,10/12/1940,vs.,Southern California,,L,7.0,13.0,
863,1940,10/19/1940,@,Michigan,,L,0.0,28.0,
864,1940,10/26/1940,vs.,Notre Dame,,L,0.0,26.0,Homecoming
865,1940,11/2/1940,@,Wisconsin,,L,6.0,13.0,
866,1940,11/9/1940,@,Northwestern,,L,14.0,32.0,
867,1940,11/16/1940,vs.,Ohio State,,L,6.0,14.0,
868,1940,11/23/1940,@,Iowa,,L,7.0,18.0,
869,1939,9/30/1939,vs.,Bradley,,T,0.0,0.0,
870,1939,10/14/1939,@,Southern California,,L,0.0,26.0,
871,1939,10/21/1939,vs.,Indiana,,L,6.0,7.0,
872,1939,10/28/1939,@,Northwestern,,L,0.0,13.0,
873,1939,11/4/1939,vs.,Michigan,,W,16.0,7.0,Homecoming
874,1939,11/11/1939,vs.,Wisconsin,,W,7.0,0.0,
875,1939,11/18/1939,@,Ohio State,,L,0.0,21.0,
876,1939,11/25/1939,@,Chicago,,W,46.0,0.0,
877,1938,9/24/1938,vs.,Ohio,,L,0.0,6.0,
878,1938,10/1/1938,vs.,DePaul,,W,44.0,7.0,
879,1938,10/8/1938,vs.,Indiana,,W,12.0,2.0,
880,1938,10/15/1938,@,Notre Dame,,L,6.0,14.0,
881,1938,10/22/1938,vs.,Northwestern,,L,0.0,13.0,Homecoming
882,1938,10/29/1938,@,Michigan,,L,0.0,14.0,
883,1938,11/12/1938,vs.,Ohio State,,L,14.0,32.0,
884,1938,11/19/1938,@,Chicago,,W,34.0,0.0,
885,1937,9/25/1937,vs.,Ohio,,W,20.0,6.0,
886,1937,10/2/1937,vs.,DePaul,,T,0.0,0.0,
887,1937,10/9/1937,vs.,Notre Dame,,T,0.0,0.0,
888,1937,10/16/1937,@,Indiana,,L,6.0,13.0,
889,1937,10/30/1937,vs.,Michigan,,L,6.0,7.0,Homecoming
890,1937,11/6/1937,@,Northwestern,,W,6.0,0.0,
891,1937,11/13/1937,@,Ohio State,,L,0.0,19.0,
892,1937,11/20/1937,vs.,Chicago,,W,21.0,0.0,
893,1936,9/26/1936,vs.,DePaul,,W,9.0,6.0,
894,1936,10/3/1936,vs.,Washington,,W,13.0,7.0,
895,1936,10/10/1936,vs.,Southern California,,L,6.0,24.0,
896,1936,10/17/1936,@,Iowa,,T,0.0,0.0,
897,1936,10/24/1936,vs.,Northwestern,,L,2.0,13.0,Homecoming
898,1936,10/31/1936,@,Michigan,,W,9.0,6.0,
899,1936,11/14/1936,vs.,Ohio State,,L,0.0,13.0,
900,1936,11/21/1936,@,Chicago,,W,18.0,7.0,
901,1935,9/28/1935,vs.,Ohio,,L,0.0,6.0,
902,1935,10/5/1935,vs.,Washington,,W,28.0,6.0,
903,1935,10/12/1935,@,Southern California,,W,19.0,0.0,
904,1935,10/26/1935,vs.,Iowa,,L,0.0,19.0,
905,1935,11/2/1935,@,Northwestern,,L,3.0,10.0,
906,1935,11/9/1935,vs.,Michigan,,W,3.0,0.0,Homecoming
907,1935,11/16/1935,@,Ohio State,,L,0.0,6.0,
908,1935,11/23/1935,vs.,Chicago,,L,6.0,7.0,
909,1934,9/29/1934,vs.,Bradley,,W,40.0,7.0,
910,1934,10/6/1934,@,Washington,,W,12.0,7.0,
911,1934,10/13/1934,vs.,Ohio State,,W,14.0,13.0,Homecoming
912,1934,10/27/1934,@,Michigan,,W,7.0,6.0,
913,1934,11/3/1934,vs.,Army,,W,7.0,0.0,
914,1934,11/10/1934,@,Northwestern,,W,14.0,3.0,
915,1934,11/17/1934,@,Wisconsin,,L,3.0,7.0,
916,1934,11/24/1934,@,Chicago,,W,6.0,0.0,
917,1933,9/30/1933,vs.,Drake,,W,13.0,6.0,
918,1933,10/7/1933,@,Washington,,W,21.0,6.0,
919,1933,10/14/1933,vs.,Wisconsin,,W,21.0,0.0,Homecoming
920,1933,10/21/1933,"Cleveland, OH",Army,,L,0.0,6.0,
921,1933,11/4/1933,vs.,Michigan,,L,6.0,7.0,
922,1933,11/11/1933,@,Northwestern,,W,3.0,0.0,
923,1933,11/18/1933,vs.,Chicago,,W,7.0,0.0,
924,1933,11/25/1933,@,Ohio State,,L,6.0,7.0,
925,1932,10/1/1932,vs.,Coe,,W,13.0,0.0,
926,1932,10/1/1932,vs.,Miami,,W,20.0,7.0,
927,1932,10/8/1932,vs.,Bradley,,W,20.0,0.0,
928,1932,10/15/1932,vs.,Northwestern,,L,0.0,26.0,Homecoming
929,1932,10/22/1932,@,Michigan,,L,0.0,32.0,
930,1932,10/29/1932,@,Chicago,,W,13.0,7.0,
931,1932,11/5/1932,@,Wisconsin,,L,12.0,20.0,
932,1932,11/12/1932,vs.,Indiana,,W,18.0,6.0,
933,1932,11/19/1932,vs.,Ohio State,,L,0.0,3.0,
934,1931,10/3/1931,vs.,St. Louis,,W,20.0,6.0,
935,1931,10/10/1931,@,Purdue,,L,0.0,7.0,
936,1931,10/17/1931,vs.,Bradley,,W,20.0,0.0,
937,1931,10/24/1931,vs.,Michigan,,L,0.0,35.0,Homecoming
938,1931,10/31/1931,@,Northwestern,,L,6.0,32.0,
939,1931,11/7/1931,vs.,Wisconsin,,L,6.0,7.0,
940,1931,11/14/1931,vs.,Chicago,,L,6.0,13.0,
941,1931,11/21/1931,@,Ohio State,,L,0.0,40.0,
942,1930,10/4/1930,vs.,Iowa State,,W,7.0,0.0,
943,1930,10/11/1930,vs.,Butler,,W,27.0,0.0,
944,1930,10/18/1930,vs.,Northwestern,,L,0.0,32.0,Homecoming
945,1930,10/25/1930,@,Michigan,,L,7.0,15.0,
946,1930,11/1/1930,vs.,Purdue,,L,0.0,25.0,
947,1930,11/8/1930,"Bronx, NY",Army,,L,0.0,13.0,
948,1930,11/15/1930,@,Chicago,,W,28.0,0.0,
949,1930,11/22/1930,vs.,Ohio State,,L,9.0,12.0,
950,1929,10/5/1929,vs.,Kansas,,W,25.0,0.0,
951,1929,10/12/1929,vs.,Bradley,,W,45.0,0.0,
952,1929,10/20/1929,@,Iowa,,T,7.0,7.0,
953,1929,10/26/1929,vs.,Michigan,,W,14.0,0.0,Homecoming
954,1929,11/2/1929,@,Northwestern,,L,0.0,7.0,
955,1929,11/9/1929,vs.,Army,,W,17.0,7.0,
956,1929,11/16/1929,vs.,Chicago,,W,20.0,6.0,
957,1929,11/23/1929,@,Ohio State,,W,27.0,0.0,
958,1928,10/6/1928,vs.,Bradley,,W,33.0,6.0,
959,1928,10/13/1928,vs.,Coe,,W,31.0,0.0,
960,1928,10/20/1928,vs.,Indiana,,W,13.0,7.0,
961,1928,10/27/1928,vs.,Northwestern,,W,6.0,0.0,Homecoming
962,1928,11/3/1928,@,Michigan,,L,0.0,3.0,
963,1928,11/10/1928,@,Butler,,W,14.0,0.0,
964,1928,11/17/1928,@,Chicago,,W,40.0,0.0,
965,1928,11/24/1928,vs.,Ohio State,,W,8.0,0.0,
966,1927,10/1/1927,vs.,Bradley,,W,19.0,0.0,
967,1927,10/8/1927,vs.,Butler,,W,58.0,0.0,
968,1927,10/15/1927,vs.,Iowa State,,T,12.0,12.0,
969,1927,10/22/1927,@,Northwestern,,W,7.0,6.0,
970,1927,10/29/1927,vs.,Michigan,,W,14.0,0.0,Homecoming
971,1927,11/5/1927,@,Iowa,,W,14.0,0.0,
972,1927,11/12/1927,vs.,Chicago,,W,15.0,6.0,
973,1927,11/19/1927,@,Ohio State,,W,13.0,0.0,
974,1926,10/2/1926,vs.,Coe,,W,27.0,0.0,
975,1926,10/9/1926,vs.,Butler,,W,38.0,7.0,
976,1926,10/16/1926,vs.,Iowa,,W,13.0,6.0,Homecoming
977,1926,10/23/1926,@,Michigan,,L,0.0,13.0,
978,1926,10/30/1926,vs.,Pennsylvania,,W,3.0,0.0,
979,1926,11/6/1926,@,Chicago,,W,7.0,0.0,
980,1926,11/13/1926,vs.,Wabash,,W,27.0,13.0,
981,1926,11/20/1926,vs.,Ohio State,,L,6.0,7.0,
982,1925,10/3/1925,vs.,Nebraska,,L,0.0,14.0,
983,1925,10/10/1925,vs.,Butler,,W,16.0,13.0,
984,1925,10/17/1925,@,Iowa,,L,10.0,12.0,
985,1925,10/24/1925,vs.,Michigan,,L,0.0,3.0,Homecoming
986,1925,10/31/1925,@,Pennsylvania,,W,24.0,2.0,
987,1925,11/7/1925,vs.,Chicago,,W,13.0,6.0,
988,1925,11/14/1925,vs.,Wabash,,W,21.0,0.0,
989,1925,11/21/1925,@,Ohio State,,W,14.0,9.0,
990,1924,10/4/1924,@,Nebraska,,W,9.0,6.0,
991,1924,10/11/1924,vs.,Butler,,W,40.0,10.0,
992,1924,10/18/1924,vs.,Michigan,,W,39.0,14.0,Homecoming
993,1924,10/25/1924,vs.,DePauw,,W,45.0,0.0,
994,1924,11/1/1924,vs.,Iowa,,W,36.0,0.0,
995,1924,11/8/1924,@,Chicago,,T,21.0,21.0,
996,1924,11/15/1924,@,Minnesota,,L,7.0,20.0,
997,1924,11/22/1924,vs.,Ohio State,,W,7.0,0.0,
998,1923,10/6/1923,vs.,Nebraska,,W,24.0,7.0,
999,1923,10/13/1923,vs.,Butler,,W,21.0,7.0,
1000,1923,10/20/1923,@,Iowa,,W,9.0,6.0,
1001,1923,10/27/1923,"Chicago, IL",Northwestern,,W,29.0,0.0,
1002,1923,11/3/1923,vs.,Chicago,,W,7.0,0.0,Homecoming
1003,1923,11/10/1923,vs.,Wisconsin,,W,10.0,0.0,
1004,1923,11/17/1923,vs.,Mississippi State,,W,27.0,0.0,
1005,1923,11/24/1923,@,Ohio State,,W,9.0,0.0,
1006,1922,10/14/1922,vs.,Butler,,L,7.0,10.0,
1007,1922,10/21/1922,vs.,Iowa,,L,7.0,8.0,Homecoming
1008,1922,10/28/1922,@,Michigan,,L,0.0,24.0,
1009,1922,11/4/1922,vs.,Northwestern,,W,6.0,3.0,
1010,1922,11/11/1922,@,Wisconsin,,W,3.0,0.0,
1011,1922,11/18/1922,@,Chicago,,L,0.0,9.0,
1012,1922,11/25/1922,vs.,Ohio State,,L,3.0,6.0,
1013,1921,10/8/1921,vs.,South Dakota,,W,52.0,0.0,
1014,1921,10/15/1921,@,Iowa,,L,2.0,14.0,
1015,1921,10/22/1921,vs.,Wisconsin,,L,0.0,20.0,
1016,1921,10/29/1921,vs.,Michigan,,L,0.0,3.0,
1017,1921,11/5/1921,vs.,DePauw,,W,21.0,0.0,
1018,1921,11/12/1921,vs.,Chicago,,L,6.0,14.0,Homecoming
1019,1921,11/19/1921,@,Ohio State,,W,7.0,0.0,
1020,1920,10/9/1920,vs.,Drake,,W,41.0,0.0,
1021,1920,10/16/1920,vs.,Iowa,,W,20.0,3.0,
1022,1920,10/23/1920,@,Michigan,,W,7.0,6.0,
1023,1920,10/30/1920,vs.,Minnesota,,W,17.0,7.0,Homecoming
1024,1920,11/6/1920,@,Chicago,,W,3.0,0.0,
1025,1920,11/13/1920,@,Wisconsin,,L,9.0,14.0,
1026,1920,11/20/1920,vs.,Ohio State,,L,0.0,7.0,
1027,1919,10/11/1919,@,Purdue,,W,14.0,7.0,
1028,1919,10/18/1919,vs.,Iowa,,W,9.0,7.0,
1029,1919,10/25/1919,vs.,Wisconsin,,L,10.0,14.0,
1030,1919,11/1/1919,vs.,Chicago,,W,10.0,0.0,Homecoming
1031,1919,11/8/1919,@,Minnesota,,W,10.0,6.0,
1032,1919,11/15/1919,vs.,Michigan,,W,29.0,7.0,
1033,1919,11/22/1919,@,Ohio State,,W,9.0,7.0,
1034,1918,10/4/1918,@,Chanute Field,,W,3.0,0.0,
1035,1918,10/12/1918,vs.,Great Lakes Navy,,L,0.0,7.0,
1036,1918,10/26/1918,vs.,Chicago Naval Reserve,,L,0.0,7.0,
1037,1918,11/2/1918,@,Iowa,,W,19.0,0.0,
1038,1918,11/9/1918,@,Wisconsin,,W,22.0,0.0,
1039,1918,11/16/1918,vs.,Ohio State,,W,13.0,0.0,
1040,1918,11/23/1918,@,Chicago,,W,29.0,0.0,
1041,1917,10/6/1917,vs.,Kansas,,W,22.0,0.0,
1042,1917,10/13/1917,vs.,Oklahoma,,W,44.0,0.0,
1043,1917,10/20/1917,vs.,Wisconsin,,W,7.0,0.0,Homecoming
1044,1917,10/27/1917,vs.,Purdue,,W,27.0,0.0,
1045,1917,11/3/1917,@,Chicago,,T,0.0,0.0,
1046,1917,11/17/1917,@,Ohio State,,L,0.0,13.0,
1047,1917,11/24/1917,vs.,Minnesota,,L,6.0,27.0,
1048,1917,11/29/1917,@,Camp Funston,,W,28.0,0.0,
1049,1916,10/7/1916,vs.,Kansas,,W,30.0,0.0,
1050,1916,10/14/1916,vs.,Colgate,,L,3.0,15.0,
1051,1916,10/21/1916,vs.,Ohio State,,L,6.0,7.0,
1052,1916,10/28/1916,@,Purdue,,W,14.0,7.0,
1053,1916,11/11/1916,@,Minnesota,,W,14.0,9.0,
1054,1916,11/18/1916,vs.,Chicago,,L,7.0,20.0,Homecoming
1055,1916,11/25/1916,@,Wisconsin,,T,0.0,0.0,
1056,1915,10/2/1915,vs.,Haskell,,W,36.0,0.0,
1057,1915,10/9/1915,vs.,Missouri-Rolla,,W,75.0,7.0,
1058,1915,10/16/1915,@,Ohio State,,T,3.0,3.0,
1059,1915,10/23/1915,vs.,Northwestern,,W,36.0,6.0,
1060,1915,11/6/1915,vs.,Minnesota,,T,6.0,6.0,Homecoming
1061,1915,11/13/1915,vs.,Wisconsin,,W,17.0,3.0,
1062,1915,11/20/1915,@,Chicago,,W,10.0,0.0,
1063,1914,10/3/1914,vs.,Christian Brothers,,W,37.0,0.0,
1064,1914,10/10/1914,vs.,Indiana,,W,51.0,0.0,
1065,1914,10/17/1914,vs.,Ohio State,,W,37.0,0.0,
1066,1914,10/24/1914,@,Northwestern,,W,33.0,0.0,
1067,1914,10/31/1914,@,Minnesota,,W,21.0,6.0,
1068,1914,11/14/1914,vs.,Chicago,,W,21.0,7.0,Homecoming
1069,1914,11/21/1914,@,Wisconsin,,W,24.0,9.0,
1070,1913,10/4/1913,vs.,Kentucky,,W,21.0,0.0,
1071,1913,10/11/1913,vs.,Missouri,,W,24.0,7.0,
1072,1913,10/18/1913,vs.,Northwestern,,W,37.0,0.0,
1073,1913,10/25/1913,@,Indiana,,W,10.0,0.0,
1074,1913,11/1/1913,@,Chicago,,L,7.0,28.0,
1075,1913,11/15/1913,vs.,Purdue,,T,0.0,0.0,Homecoming
1076,1913,11/22/1913,vs.,Minnesota,,L,9.0,19.0,
1077,1912,10/5/1912,vs.,Illinois Wesleyan,,W,87.0,3.0,
1078,1912,10/12/1912,vs.,Washington,,W,13.0,0.0,
1079,1912,10/19/1912,vs.,Indiana,,W,13.0,7.0,
1080,1912,11/2/1912,@,Minnesota,,L,0.0,13.0,
1081,1912,11/9/1912,@,Purdue,,T,9.0,9.0,
1082,1912,11/16/1912,vs.,Chicago,,L,0.0,10.0,Homecoming
1083,1912,11/23/1912,@,Northwestern,,L,0.0,6.0,
1084,1911,10/7/1911,vs.,James Millikin,,W,33.0,0.0,
1085,1911,10/14/1911,vs.,St. Louis,,W,9.0,0.0,
1086,1911,10/21/1911,@,Chicago,,L,0.0,24.0,
1087,1911,11/4/1911,vs.,Purdue,,W,12.0,3.0,
1088,1911,11/11/1911,@,Indiana,,T,0.0,0.0,
1089,1911,11/18/1911,vs.,Northwestern,,W,27.0,13.0,
1090,1911,11/25/1911,vs.,Minnesota,,L,0.0,11.0,Homecoming
1091,1910,10/1/1910,vs.,James Millikin,,W,13.0,0.0,
1092,1910,10/8/1910,vs.,Drake,,W,29.0,0.0,
1093,1910,10/15/1910,vs.,Chicago,,W,3.0,0.0,Homecoming
1094,1910,10/29/1910,@,Purdue,,W,11.0,0.0,
1095,1910,11/5/1910,@,Indiana,,W,3.0,0.0,
1096,1910,11/12/1910,@,Northwestern,,W,27.0,0.0,
1097,1910,11/19/1910,vs.,Syracuse,,W,3.0,0.0,
1098,1909,10/2/1909,vs.,James Millikin,,W,23.0,0.0,
1099,1909,10/9/1909,vs.,Kentucky,,L,2.0,6.0,
1100,1909,10/16/1909,@,Chicago,,L,8.0,14.0,
1101,1909,10/30/1909,vs.,Purdue,,W,24.0,6.0,
1102,1909,11/6/1909,vs.,Indiana,,W,6.0,5.0,
1103,1909,11/13/1909,@,Northwestern,,W,35.0,0.0,
1104,1909,11/20/1909,@,Syracuse,,W,17.0,8.0,
1105,1908,10/3/1908,vs.,Monmouth,,W,17.0,6.0,
1106,1908,10/10/1908,vs.,Marquette,,T,6.0,6.0,
1107,1908,10/17/1908,@,Chicago,,L,6.0,11.0,
1108,1908,10/31/1908,vs.,Indiana,,W,10.0,0.0,
1109,1908,11/7/1908,vs.,Iowa,,W,22.0,0.0,
1110,1908,11/14/1908,@,Purdue,,W,15.0,6.0,
1111,1908,11/21/1908,vs.,Northwestern,,W,64.0,8.0,
1112,1907,10/19/1907,vs.,Chicago,,L,6.0,42.0,
1113,1907,10/26/1907,@,Wisconsin,,W,15.0,4.0,
1114,1907,11/2/1907,vs.,Purdue,,W,21.0,4.0,
1115,1907,11/9/1907,@,Iowa,,L,12.0,25.0,
1116,1907,11/22/1907,@,Indiana,,W,10.0,6.0,
1117,1906,10/13/1906,vs.,Wabash,,T,0.0,0.0,
1118,1906,10/27/1906,@,Michigan,,L,9.0,28.0,
1119,1906,11/10/1906,vs.,Wisconsin,,L,6.0,16.0,
1120,1906,11/17/1906,@,Chicago,,L,0.0,63.0,
1121,1906,11/25/1906,@,Purdue,,W,5.0,0.0,
1122,1905,9/30/1905,vs.,Knox,,W,6.0,0.0,
1123,1905,10/4/1905,vs.,Wabash,,W,6.0,0.0,
1124,1905,10/7/1905,vs.,North Central,,W,24.0,0.0,
1125,1905,10/14/1905,vs.,St. Louis,,W,12.0,6.0,
1126,1905,10/21/1905,vs.,Purdue,,L,0.0,29.0,
1127,1905,10/28/1905,vs.,Physicians & Surgeons,,W,30.0,0.0,
1128,1905,11/4/1905,vs.,Michigan,,L,0.0,33.0,
1129,1905,11/18/1905,@,Chicago,,L,0.0,44.0,
1130,1905,11/30/1905,@,Nebraska,,L,6.0,24.0,
1131,1904,9/24/1904,vs.,North Central,,W,10.0,0.0,
1132,1904,9/28/1904,vs.,Wabash,,W,23.0,2.0,
1133,1904,10/1/1904,vs.,Knox,,W,11.0,0.0,
1134,1904,10/5/1904,vs.,Physicians & Surgeons,,W,26.0,0.0,
1135,1904,10/8/1904,@,Washington,,W,31.0,0.0,
1136,1904,10/15/1904,vs.,Indiana,,W,10.0,0.0,
1137,1904,10/22/1904,@,Purdue,,W,24.0,6.0,
1138,1904,10/29/1904,@,Chicago,,T,6.0,6.0,
1139,1904,11/5/1904,@,Ohio State,,W,46.0,0.0,
1140,1904,11/12/1904,@,Northwestern,,L,6.0,12.0,
1141,1904,11/19/1904,vs.,Iowa,,W,29.0,0.0,
1142,1904,11/24/1904,@,Nebraska,,L,10.0,16.0,
1143,1903,9/19/1903,vs.,Englewood High,,W,45.0,5.0,
1144,1903,9/26/1903,vs.,Lombard,,W,43.0,0.0,
1145,1903,9/30/1903,vs.,American Osteopath,,W,36.0,0.0,
1146,1903,10/3/1903,vs.,Knox,,W,29.0,5.0,
1147,1903,10/7/1903,vs.,Physicians & Surgeons,,W,40.0,0.0,
1148,1903,10/10/1903,vs.,Rush Medical,,W,64.0,0.0,
1149,1903,10/14/1903,vs.,Chicago Dental,,W,54.0,0.0,
1150,1903,10/17/1903,@,Purdue,,W,24.0,0.0,
1151,1903,10/24/1903,@,Chicago,,L,6.0,18.0,
1152,1903,10/31/1903,vs.,Northwestern,,L,11.0,12.0,
1153,1903,11/6/1903,@,Indiana,,L,0.0,17.0,
1154,1903,11/14/1903,vs.,Minnesota,,L,0.0,32.0,
1155,1903,11/21/1903,@,Iowa,,L,0.0,12.0,
1156,1903,11/26/1903,@,Nebraska,,L,0.0,16.0,
1157,1902,9/20/1902,vs.,North Division High,,W,34.0,6.0,
1158,1902,9/27/1902,vs.,Englewood High,,W,45.0,0.0,
1159,1902,10/1/1902,vs.,American Osteopath,,W,22.0,0.0,
1160,1902,10/4/1902,vs.,Monmouth,,W,33.0,0.0,
1161,1902,10/8/1902,vs.,Haskell,,W,24.0,10.0,
1162,1902,10/11/1902,vs.,Washington,,W,44.0,0.0,
1163,1902,10/18/1902,vs.,Purdue,,W,29.0,5.0,
1164,1902,10/25/1902,@,Chicago,,L,0.0,6.0,
1165,1902,11/1/1902,vs.,Indiana,,W,47.0,0.0,
1166,1902,11/8/1902,@,Minnesota,,L,5.0,17.0,
1167,1902,11/15/1902,@,Ohio State,,T,0.0,0.0,
1168,1902,11/22/1902,@,Northwestern,,W,17.0,0.0,
1169,1902,11/27/1902,vs.,Iowa,,W,80.0,0.0,
1170,1901,9/28/1901,vs.,Englewood High,,W,39.0,0.0,
1171,1901,10/5/1901,vs.,Marion Sims,,W,52.0,0.0,
1172,1901,10/11/1901,vs.,Physicians & Surgeons,,W,23.0,0.0,
1173,1901,10/12/1901,vs.,Washington,,W,21.0,0.0,
1174,1901,10/19/1901,@,Chicago,,W,24.0,0.0,
1175,1901,10/26/1901,vs.,Northwestern,,L,11.0,17.0,
1176,1901,11/2/1901,"Indianapolis, IN",Indiana,,W,18.0,0.0,
1177,1901,11/9/1901,@,Iowa,,W,27.0,0.0,
1178,1901,11/16/1901,@,Purdue,,W,28.0,6.0,
1179,1901,11/28/1901,vs.,Minnesota,,L,0.0,16.0,
1180,1900,9/29/1900,vs.,Rose-Hulman,,W,26.0,0.0,
1181,1900,10/3/1900,vs.,DePauw,,W,63.0,0.0,
1182,1900,10/6/1900,vs.,Illinois Wesleyan,,W,21.0,0.0,
1183,1900,10/10/1900,vs.,Physicians & Surgeons,,W,6.0,0.0,
1184,1900,10/13/1900,vs.,Knox,,W,16.0,0.0,
1185,1900,10/16/1900,vs.,Lombard,,W,35.0,0.0,
1186,1900,10/20/1900,@,Northwestern,,T,0.0,0.0,
1187,1900,10/27/1900,"Chicago, IL",Michigan,,L,0.0,12.0,
1188,1900,11/3/1900,vs.,Purdue,,W,17.0,5.0,
1189,1900,11/10/1900,@,Minnesota,,L,0.0,23.0,
1190,1900,11/17/1900,"Indianapolis, IN",Indiana,,T,0.0,0.0,
1191,1900,11/24/1900,@,Wisconsin,,L,0.0,27.0,
1192,1899,1899-09-30,vs.,Illinois Wesleyan,,W,6.0,0.0,
1193,1899,1899-10-07,@,Knox,,W,5.0,0.0,
1194,1899,1899-10-14,vs.,Indiana,,L,0.0,5.0,
1195,1899,1899-10-28,vs.,Michigan,,L,0.0,5.0,
1196,1899,1899-11-06,vs.,Illinois Alumni,,T,0.0,0.0,
1197,1899,1899-11-11,"Milwaukee, WI",Wisconsin,,L,0.0,23.0,
1198,1899,1899-11-22,vs.,Purdue,,L,0.0,5.0,
1199,1899,1899-11-25,@,St. Louis,,W,29.0,0.0,
1200,1899,1899-11-30,"Rock Island, IL",Iowa,,L,0.0,58.0,
1201,1898,1898-09-28,vs.,Illinois Wesleyan,,W,18.0,0.0,
1202,1898,1898-10-01,vs.,Physicians & Surgeons,,L,6.0,11.0,
1203,1898,1898-10-08,vs.,Notre Dame,,L,0.0,5.0,
1204,1898,1898-10-15,vs.,DePauw,,W,16.0,0.0,
1205,1898,1898-10-22,vs.,Illinois Alumni,,W,10.0,6.0,
1206,1898,1898-11-04,vs.,Illinois Alumni,,L,17.0,23.0,
1207,1898,1898-11-12,"Detroit, MI",Michigan,,L,5.0,12.0,
1208,1898,1898-11-19,"Chicago, IL",Carlisle,,L,0.0,11.0,
1209,1898,1898-11-24,vs.,Minnesota,,W,11.0,10.0,
1210,1897,1897-10-02,vs.,Eureka,,W,26.0,0.0,
1211,1897,1897-10-09,vs.,Physicians & Surgeons,,W,6.0,0.0,
1212,1897,1897-10-16,vs.,Lake Forest,,W,36.0,0.0,
1213,1897,1897-10-23,vs.,Purdue,,W,34.0,4.0,
1214,1897,1897-10-30,vs.,Chicago,,L,12.0,18.0,
1215,1897,1897-11-12,vs.,Knox,,W,64.0,0.0,
1216,1897,1897-11-20,"Chicago, IL",Carlisle,,L,6.0,23.0,
1217,1897,1897-11-25,"Peoria, IL",Eureka,,W,6.0,0.0,
1218,1896,1896-10-03,vs.,Lake Forest,,W,38.0,0.0,
1219,1896,1896-10-10,vs.,Knox,,W,70.0,4.0,
1220,1896,1896-10-17,"St. Louis, MO",Missouri,,W,10.0,0.0,
1221,1896,1896-10-21,vs.,Oberlin,,W,22.0,6.0,
1222,1896,1896-10-31,@,Chicago,,L,0.0,12.0,
1223,1896,1896-11-07,vs.,Northwestern,,L,4.0,10.0,
1224,1896,1896-11-25,@,Purdue,,T,4.0,4.0,
1225,1895,1895-10-05,vs.,Wabash,,W,48.0,0.0,
1226,1895,1895-10-12,@,Chicago A.C.,,L,0.0,8.0,
1227,1895,1895-10-19,vs.,Illinois College,,W,79.0,0.0,
1228,1895,1895-10-26,@,Wisconsin,,T,10.0,10.0,
1229,1895,1895-11-02,vs.,Lake Forest,,W,38.0,0.0,
1230,1895,1895-11-23,vs.,Northwestern,,W,38.0,4.0,
1231,1895,1895-11-28,@,Purdue,,L,2.0,6.0,
1232,1894,1894-10-06,@,Wabash,,W,36.0,6.0,
1233,1894,1894-10-13,@,Chicago A.C.,,L,0.0,14.0,
1234,1894,1894-10-20,vs.,Lake Forest,,W,54.0,6.0,
1235,1894,1894-11-03,vs.,Northwestern,,W,66.0,0.0,
1236,1894,1894-11-17,vs.,Purdue,,L,2.0,22.0,
1237,1894,1894-11-24,vs.,Indianapolis Artillery,,L,14.0,18.0,
1238,1894,1894-11-29,"St. Louis, MO",Pastime A.C.,,W,10.0,0.0,
1239,1893,1893-09-30,vs.,Wabash,,W,60.0,6.0,
1240,1893,1893-10-07,@,DePauw,,W,14.0,4.0,
1241,1893,1893-10-21,@,Northwestern,,T,0.0,0.0,
1242,1893,1893-10-28,vs.,Chicago A.C.,,L,4.0,10.0,
1243,1893,1893-11-06,vs.,Oberlin,,L,24.0,34.0,
1244,1893,1893-11-11,"St. Louis, MO",Pastime A.C.,,W,18.0,16.0,
1245,1893,1893-11-25,@,Purdue,,T,26.0,26.0,
1246,1893,1893-11-30,vs.,Lake Forest,,T,10.0,10.0,
1247,1892,1892-10-08,vs.,Purdue,,L,6.0,12.0,
1248,1892,1892-10-12,vs.,Northwestern,,T,16.0,16.0,
1249,1892,1892-10-21,@,Washington,,W,22.0,0.0,
1250,1892,1892-10-22,"Omaha, NE",Doane,,W,20.0,0.0,
1251,1892,1892-10-24,@,Nebraska,,L,0.0,6.0,
1252,1892,1892-10-26,@,Baker,,W,26.0,10.0,
1253,1892,1892-10-27,@,Kansas,,L,4.0,26.0,
1254,1892,1892-10-29,@,Kansas City A.C.,,W,42.0,0.0,
1255,1892,1892-11-05,vs.,Englewood High,,W,38.0,0.0,
1256,1892,1892-11-16,@,Chicago,,L,4.0,10.0,
1257,1892,1892-11-18,vs.,DePauw,,W,34.0,0.0,
1258,1892,1892-11-24,vs.,Chicago,,W,28.0,12.0,
